id,Nazwa produktu,Producent,id,actual,Jednostka ceny,Waga,Średnica,Długość,Szerokość,Wysokość,Grubość,Typ pakowania,Jednostki zakupu ,
1,TOPROCK SUPER,ROCKWOOL,1,1,M2,,,5000,1000,,100,rolka,1,pełna paleta
1,TOPROCK SUPER,ROCKWOOL,2,1,M2,,,4500,1000,,120,rolka,1,pełna paleta
1,TOPROCK SUPER,ROCKWOOL,3,1,M2,,,3500,1000,,150,rolka,1,pełna paleta
1,TOPROCK SUPER,ROCKWOOL,4,1,M2,,,2500,1000,,180,rolka,1,pełna paleta
1,TOPROCK SUPER,ROCKWOOL,5,1,M2,,,2500,1000,,200,rolka,1,pełna paleta
2,SUPERROCK,ROCKWOOL,6,1,M2,,,1000,610,,50,paczka,1,pełna paleta
2,SUPERROCK,ROCKWOOL,7,1,M2,,,1000,610,,60,paczka,1,pełna paleta
2,SUPERROCK,ROCKWOOL,8,1,M2,,,1000,610,,80,paczka,1,pełna paleta
2,SUPERROCK,ROCKWOOL,9,1,M2,,,1000,610,,100,paczka,1,pełna paleta
2,SUPERROCK,ROCKWOOL,10,1,M2,,,1000,610,,120,paczka,1,pełna paleta
2,SUPERROCK,ROCKWOOL,11,1,M2,,,1000,610,,150,paczka,1,pełna paleta
2,SUPERROCK,ROCKWOOL,12,1,M2,,,1000,610,,160,paczka,1,pełna paleta
2,SUPERROCK,ROCKWOOL,13,1,M2,,,1000,610,,200,paczka,1,pełna paleta
3,MEGAROCK PLUS,ROCKWOOL,14,1,M2,,,6000,1000,,100,rolka,1,pełna paleta
3,MEGAROCK PLUS,ROCKWOOL,15,1,M2,,,4000,1000,,150,rolka,1,pełna paleta
3,MEGAROCK PLUS,ROCKWOOL,16,1,M2,,,3500,1000,,180,rolka,1,pełna paleta
3,MEGAROCK PLUS,ROCKWOOL,17,1,M2,,,3000,1000,,200,rolka,1,pełna paleta
4,ROCKMIN PLUS,ROCKWOOL,18,1,M2,,,1000,610,,50,paczka,1,pełna paleta
4,ROCKMIN PLUS,ROCKWOOL,19,1,M2,,,1000,610,,60,paczka,1,pełna paleta
4,ROCKMIN PLUS,ROCKWOOL,20,1,M2,,,1000,610,,70,paczka,1,pełna paleta
4,ROCKMIN PLUS,ROCKWOOL,21,1,M2,,,1000,610,,80,paczka,1,pełna paleta
4,ROCKMIN PLUS,ROCKWOOL,22,1,M2,,,1000,610,,100,paczka,1,pełna paleta
4,ROCKMIN PLUS,ROCKWOOL,23,1,M2,,,1000,610,,120,paczka,1,pełna paleta
4,ROCKMIN PLUS,ROCKWOOL,24,1,M2,,,1000,610,,140,paczka,1,pełna paleta
4,ROCKMIN PLUS,ROCKWOOL,25,1,M2,,,1000,610,,150,paczka,1,pełna paleta
4,ROCKMIN PLUS,ROCKWOOL,26,1,M2,,,1000,610,,160,paczka,1,pełna paleta
4,ROCKMIN PLUS,ROCKWOOL,27,1,M2,,,1000,610,,180,paczka,1,pełna paleta
4,ROCKMIN PLUS,ROCKWOOL,28,1,M2,,,1000,610,,200,paczka,1,pełna paleta
5,UNIROCK,ROCKWOOL,29,1,M2,,,1000,610,,50,paczka,1,pełna paleta
5,UNIROCK,ROCKWOOL,30,1,M2,,,1000,610,,70,paczka,1,pełna paleta
5,UNIROCK,ROCKWOOL,31,1,M2,,,1000,610,,100,paczka,1,pełna paleta
5,UNIROCK,ROCKWOOL,32,1,M2,,,1000,610,,150,paczka,1,pełna paleta
6,Wspornik nakrokwiowy,ROCKWOOL,33,1,szt,,,,180,,,,80,szt
6,Wspornik nakrokwiowy,ROCKWOOL,34,1,szt,,,,120,,,,80,szt
7,ROCKTECT Intello Climate Plus,ROCKWOOL,35,1,M2,,,5000,1500,,0.4,,,
8,ROCKTECT Twinline,ROCKWOOL,36,1,szt,,,25000,6,,,,,
10,ROCKSONIC SUPER,ROCKWOOL,38,1,M2,,,1000,610,,50,paczka,1,pełna paleta
10,ROCKSONIC SUPER,ROCKWOOL,39,1,M2,,,1000,610,,75,paczka,1,pełna paleta
10,ROCKSONIC SUPER,ROCKWOOL,40,1,M2,,,1000,610,,100,paczka,1,pełna paleta
11,ROCKTON,ROCKWOOL,41,1,M2,,,1000,610,,40,paczka,1,pełna paleta
11,ROCKTON,ROCKWOOL,42,1,M2,,,1000,610,,50,paczka,1,pełna paleta
11,ROCKTON,ROCKWOOL,43,1,M2,,,1000,610,,60,paczka,1,pełna paleta
11,ROCKTON,ROCKWOOL,44,1,M2,,,1000,610,,70,paczka,1,pełna paleta
11,ROCKTON,ROCKWOOL,45,1,M2,,,1000,610,,80,paczka,1,pełna paleta
11,ROCKTON,ROCKWOOL,46,1,M2,,,1000,610,,100,paczka,1,pełna paleta
11,ROCKTON,ROCKWOOL,47,1,M2,,,1000,610,,120,paczka,1,pełna paleta
11,ROCKTON,ROCKWOOL,48,1,M2,,,1000,610,,140,paczka,1,pełna paleta
11,ROCKTON,ROCKWOOL,49,1,M2,,,1000,610,,150,paczka,1,pełna paleta
11,ROCKTON,ROCKWOOL,50,1,M2,,,1000,610,,180,paczka,1,pełna paleta
11,ROCKTON,ROCKWOOL,51,1,M2,,,1000,610,,200,paczka,1,pełna paleta
12,STEPROCK HD,ROCKWOOL,52,1,M2,,,1000,600,,20,paczka,1,pełna paleta
12,STEPROCK HD,ROCKWOOL,53,1,M2,,,1000,600,,30,paczka,1,pełna paleta
12,STEPROCK HD,ROCKWOOL,54,1,M2,,,1000,600,,40,paczka,1,pełna paleta
12,STEPROCK HD,ROCKWOOL,55,1,M2,,,1000,600,,50,paczka,1,pełna paleta
12,STEPROCK HD,ROCKWOOL,56,1,M2,,,1000,600,,100,paczka,1,pełna paleta
13,STEPROCK HD4F,ROCKWOOL,57,1,M2,,,1000,600,,30,paczka,1,pełna paleta
13,STEPROCK HD4F,ROCKWOOL,58,1,M2,,,1000,600,,40,paczka,1,pełna paleta
13,STEPROCK HD4F,ROCKWOOL,59,1,M2,,,1000,600,,50,paczka,1,pełna paleta
16,FIREROCK,ROCKWOOL,62,1,M2,,,1000,600,,25,karton,1,pełna paleta
16,FIREROCK,ROCKWOOL,63,1,M2,,,1000,600,,30,karton,1,pełna paleta
17,FRONTROCK PLUS,ROCKWOOL,64,1,M2,,,1000,600,,50,paczka,1,pełna paleta
17,FRONTROCK PLUS,ROCKWOOL,65,1,M2,,,1000,600,,60,paczka,1,pełna paleta
17,FRONTROCK PLUS,ROCKWOOL,66,1,M2,,,1000,600,,80,paczka,1,pełna paleta
17,FRONTROCK PLUS,ROCKWOOL,67,1,M2,,,1000,600,,100,paczka,1,pełna paleta
17,FRONTROCK PLUS,ROCKWOOL,68,1,M2,,,1000,600,,120,paczka,1,pełna paleta
17,FRONTROCK PLUS,ROCKWOOL,69,1,M2,,,1000,600,,140,paczka,1,pełna paleta
17,FRONTROCK PLUS,ROCKWOOL,70,1,M2,,,1000,600,,150,paczka,1,pełna paleta
17,FRONTROCK PLUS,ROCKWOOL,4007,,M2,,,,,,160,,,
17,FRONTROCK PLUS,ROCKWOOL,4008,,M2,,,,,,180,,,
17,FRONTROCK PLUS,ROCKWOOL,4009,,M2,,,,,,200,,,
17,FRONTROCK PLUS,ROCKWOOL,4010,,M2,,,,,,220,,,
17,FRONTROCK PLUS,ROCKWOOL,4011,,M2,,,,,,240,,,
17,FRONTROCK PLUS,ROCKWOOL,4012,,M2,,,,,,250,,,
18,FRONTROCK SUPER,ROCKWOOL,71,1,M2,,,1000,600,,80,paczka,1,pełna paleta
18,FRONTROCK SUPER,ROCKWOOL,72,1,M2,,,1000,600,,100,paczka,1,pełna paleta
18,FRONTROCK SUPER,ROCKWOOL,73,1,M2,,,1000,600,,120,paczka,1,pełna paleta
18,FRONTROCK SUPER,ROCKWOOL,74,1,M2,,,1000,600,,140,paczka,1,pełna paleta
18,FRONTROCK SUPER,ROCKWOOL,75,1,M2,,,1000,600,,150,paczka,1,pełna paleta
18,FRONTROCK SUPER,ROCKWOOL,76,1,M2,,,1000,600,,160,paczka,1,pełna paleta
18,FRONTROCK SUPER,ROCKWOOL,77,1,M2,,,1000,600,,180,paczka,1,pełna paleta
18,FRONTROCK SUPER,ROCKWOOL,78,1,M2,,,1000,600,,200,paczka,1,pełna paleta
19,FRONTROCK L,ROCKWOOL,81,1,M2,,,1200,200,,50,paczka,1,pełna paleta
19,FRONTROCK L,ROCKWOOL,82,1,M2,,,1200,200,,100,paczka,1,pełna paleta
19,FRONTROCK L,ROCKWOOL,83,1,M2,,,1200,200,,120,paczka,1,pełna paleta
19,FRONTROCK L,ROCKWOOL,84,1,M2,,,1200,200,,150,paczka,1,pełna paleta
19,FRONTROCK L,ROCKWOOL,85,1,M2,,,1200,200,,200,paczka,1,pełna paleta
20,FRONTROCK S,ROCKWOOL,86,1,M2,,,1000,600,,20,paczka,1,pełna paleta
20,FRONTROCK S,ROCKWOOL,87,1,M2,,,1000,600,,30,paczka,1,pełna paleta
20,FRONTROCK S,ROCKWOOL,88,1,M2,,,1000,600,,40,paczka,1,pełna paleta
20,FRONTROCK S,ROCKWOOL,89,1,M2,,,1000,600,,50,paczka,1,pełna paleta
21,FASROCK G,ROCKWOOL,90,1,M2,,,1000,200,,50,paleta,1,pełna paleta
21,FASROCK G,ROCKWOOL,91,1,M2,,,1000,200,,80,paleta,1,pełna paleta
21,FASROCK G,ROCKWOOL,92,1,M2,,,1000,200,,100,paleta,1,pełna paleta
21,FASROCK G,ROCKWOOL,93,1,M2,,,1000,200,,120,paleta,1,pełna paleta
21,FASROCK G,ROCKWOOL,94,1,M2,,,1000,200,,150,paleta,1,pełna paleta
21,FASROCK G,ROCKWOOL,95,1,M2,,,1000,200,,200,paleta,1,pełna paleta
22,Siatka osłonowa,ROCKWOOL,96,1,szt,,,7000,2600,,,,7,szt
22,Siatka osłonowa,ROCKWOOL,97,1,szt,,,14000,2600,,,,7,szt
23,Nóż do wełny,ROCKWOOL,98,1,szt,,,,,,,,10,szt
24,Ubranie robocze,ROCKWOOL,99,1,szt,,,,,,,,10,szt
24,Ubranie robocze,ROCKWOOL,100,1,szt,,,,,,,,10,szt
24,Ubranie robocze,ROCKWOOL,101,1,szt,,,,,,,,10,szt
25,VENTIROCK PLUS,ROCKWOOL,102,1,M2,,,1000,600,,50,paczka,1,pełna paleta
25,VENTIROCK PLUS,ROCKWOOL,103,1,M2,,,1000,600,,60,paczka,1,pełna paleta
25,VENTIROCK PLUS,ROCKWOOL,104,1,M2,,,1000,600,,80,paczka,1,pełna paleta
25,VENTIROCK PLUS,ROCKWOOL,105,1,M2,,,1000,600,,100,paczka,1,pełna paleta
25,VENTIROCK PLUS,ROCKWOOL,106,1,M2,,,1000,600,,120,paczka,1,pełna paleta
25,VENTIROCK PLUS,ROCKWOOL,107,1,M2,,,1000,600,,150,paczka,1,pełna paleta
25,VENTIROCK PLUS,ROCKWOOL,108,1,M2,,,1000,600,,160,paczka,1,pełna paleta
25,VENTIROCK PLUS,ROCKWOOL,109,1,M2,,,1000,600,,180,paczka,1,pełna paleta
25,VENTIROCK PLUS,ROCKWOOL,110,1,M2,,,1000,600,,200,paczka,1,pełna paleta
26,VENTIROCK F PLUS,ROCKWOOL,111,1,M2,,,1000,600,,50,paczka,1,pełna paleta
26,VENTIROCK F PLUS,ROCKWOOL,112,1,M2,,,1000,600,,60,paczka,1,pełna paleta
26,VENTIROCK F PLUS,ROCKWOOL,113,1,M2,,,1000,600,,80,paczka,1,pełna paleta
26,VENTIROCK F PLUS,ROCKWOOL,114,1,M2,,,1000,600,,100,paczka,1,pełna paleta
26,VENTIROCK F PLUS,ROCKWOOL,115,1,M2,,,1000,600,,120,paczka,1,pełna paleta
26,VENTIROCK F PLUS,ROCKWOOL,116,1,M2,,,1000,600,,140,paczka,1,pełna paleta
26,VENTIROCK F PLUS,ROCKWOOL,117,1,M2,,,1000,600,,150,paczka,1,pełna paleta
26,VENTIROCK F PLUS,ROCKWOOL,118,1,M2,,,1000,600,,160,paczka,1,pełna paleta
26,VENTIROCK F PLUS,ROCKWOOL,119,1,M2,,,1000,600,,180,paczka,1,pełna paleta
26,VENTIROCK F PLUS,ROCKWOOL,120,1,M2,,,1000,600,,200,paczka,1,pełna paleta
27,WENTIROCK SUPER,ROCKWOOL,121,1,M2,,,1000,600,,50,paczka,1,pełna paleta
27,WENTIROCK SUPER,ROCKWOOL,122,1,M2,,,1000,600,,60,paczka,1,pełna paleta
27,WENTIROCK SUPER,ROCKWOOL,123,1,M2,,,1000,600,,80,paczka,1,pełna paleta
27,WENTIROCK SUPER,ROCKWOOL,124,1,M2,,,1000,600,,100,paczka,1,pełna paleta
27,WENTIROCK SUPER,ROCKWOOL,125,1,M2,,,1000,600,,120,paczka,1,pełna paleta
27,WENTIROCK SUPER,ROCKWOOL,126,1,M2,,,1000,600,,150,paczka,1,pełna paleta
27,WENTIROCK SUPER,ROCKWOOL,127,1,M2,,,1000,600,,180,paczka,1,pełna paleta
27,WENTIROCK SUPER,ROCKWOOL,128,1,M2,,,1000,600,,200,paczka,1,pełna paleta
28,WENTIROCK F SUPER,ROCKWOOL,129,1,M2,,,1000,600,,50,paczka,1,pełna paleta
28,WENTIROCK F SUPER,ROCKWOOL,130,1,M2,,,1000,600,,60,paczka,1,pełna paleta
28,WENTIROCK F SUPER,ROCKWOOL,131,1,M2,,,1000,600,,80,paczka,1,pełna paleta
28,WENTIROCK F SUPER,ROCKWOOL,132,1,M2,,,1000,600,,100,paczka,1,pełna paleta
28,WENTIROCK F SUPER,ROCKWOOL,133,1,M2,,,1000,600,,120,paczka,1,pełna paleta
28,WENTIROCK F SUPER,ROCKWOOL,134,1,M2,,,1000,600,,150,paczka,1,pełna paleta
28,WENTIROCK F SUPER,ROCKWOOL,135,1,M2,,,1000,600,,160,paczka,1,pełna paleta
28,WENTIROCK F SUPER,ROCKWOOL,136,1,M2,,,1000,600,,180,paczka,1,pełna paleta
28,WENTIROCK F SUPER,ROCKWOOL,137,1,M2,,,1000,600,,200,paczka,1,pełna paleta
29,HARDROCK MAX,ROCKWOOL,138,1,M2,,,2000,1200,,50,paleta,1,pełna paleta
29,HARDROCK MAX,ROCKWOOL,139,1,M2,,,2000,1200,,80,paleta,1,pełna paleta
29,HARDROCK MAX,ROCKWOOL,140,1,M2,,,2000,1200,,100,paleta,1,pełna paleta
29,HARDROCK MAX,ROCKWOOL,141,1,M2,,,2000,1200,,120,paleta,1,pełna paleta
29,HARDROCK MAX,ROCKWOOL,142,1,M2,,,2000,1200,,130,paleta,1,pełna paleta
29,HARDROCK MAX,ROCKWOOL,143,1,M2,,,2000,1200,,150,paleta,1,pełna paleta
30,MONROCK MAX E,ROCKWOOL,144,1,M2,,,2000,1200,,50,paleta,1,pełna paleta
30,MONROCK MAX E,ROCKWOOL,145,1,M2,,,2000,1200,,80,paleta,1,pełna paleta
30,MONROCK MAX E,ROCKWOOL,146,1,M2,,,2000,1200,,100,paleta,1,pełna paleta
30,MONROCK MAX E,ROCKWOOL,147,1,M2,,,2000,1200,,150,paleta,1,pełna paleta
30,MONROCK MAX E,ROCKWOOL,148,1,M2,,,2000,1200,,160,paleta,1,pełna paleta
30,MONROCK MAX E,ROCKWOOL,149,1,M2,,,2000,1200,,200,paleta,1,pełna paleta
30,MONROCK MAX E,ROCKWOOL,150,1,M2,,,2000,1200,,240,paleta,1,pełna paleta
33,Paroizolacja ROCKFOL SK 18234 II,ROCKWOOL,172,1,M2,,,25000,1580,,,,,
36,ROOFROCK 30 E,ROCKWOOL,184,1,M2,,,2000,1200,,70,paleta,1,pełna paleta
36,ROOFROCK 30 E,ROCKWOOL,185,1,M2,,,2000,1200,,80,paleta,1,pełna paleta
36,ROOFROCK 30 E,ROCKWOOL,186,1,M2,,,2000,1200,,100,paleta,1,pełna paleta
36,ROOFROCK 30 E,ROCKWOOL,187,1,M2,,,2000,1200,,130,paleta,1,pełna paleta
36,ROOFROCK 30 E,ROCKWOOL,188,1,M2,,,2000,1200,,150,paleta,1,pełna paleta
36,ROOFROCK 30 E,ROCKWOOL,189,1,M2,,,2000,1200,,190,paleta,1,pełna paleta
36,ROOFROCK 30 E,ROCKWOOL,190,1,M2,,,2000,1200,,200,paleta,1,pełna paleta
39,Otuliny TECLIT PS,ROCKWOOL,206,1,M,,,,15,,20,paleta,1,pełna paleta
39,Otuliny TECLIT PS,ROCKWOOL,207,1,M,,,,18,,20,paleta,1,pełna paleta
39,Otuliny TECLIT PS,ROCKWOOL,208,1,M,,,,18,,25,paleta,1,pełna paleta
39,Otuliny TECLIT PS,ROCKWOOL,209,1,M,,,,22,,20,paleta,1,pełna paleta
39,Otuliny TECLIT PS,ROCKWOOL,210,1,M,,,,22,,25,paleta,1,pełna paleta
39,Otuliny TECLIT PS,ROCKWOOL,211,1,M,,,,22,,30,paleta,1,pełna paleta
39,Otuliny TECLIT PS,ROCKWOOL,212,1,M,,,,28,,20,paleta,1,pełna paleta
39,Otuliny TECLIT PS,ROCKWOOL,213,1,M,,,,28,,25,paleta,1,pełna paleta
39,Otuliny TECLIT PS,ROCKWOOL,214,1,M,,,,28,,30,paleta,1,pełna paleta
39,Otuliny TECLIT PS,ROCKWOOL,215,1,M,,,,35,,20,paleta,1,pełna paleta
39,Otuliny TECLIT PS,ROCKWOOL,216,1,M,,,,35,,25,paleta,1,pełna paleta
39,Otuliny TECLIT PS,ROCKWOOL,217,1,M,,,,35,,30,paleta,1,pełna paleta
39,Otuliny TECLIT PS,ROCKWOOL,218,1,M,,,,35,,40,paleta,1,pełna paleta
39,Otuliny TECLIT PS,ROCKWOOL,219,1,M,,,,42,,20,paleta,1,pełna paleta
39,Otuliny TECLIT PS,ROCKWOOL,220,1,M,,,,42,,25,paleta,1,pełna paleta
39,Otuliny TECLIT PS,ROCKWOOL,221,1,M,,,,42,,30,paleta,1,pełna paleta
39,Otuliny TECLIT PS,ROCKWOOL,222,1,M,,,,42,,40,paleta,1,pełna paleta
39,Otuliny TECLIT PS,ROCKWOOL,223,1,M,,,,48,,20,paleta,1,pełna paleta
39,Otuliny TECLIT PS,ROCKWOOL,224,1,M,,,,48,,25,paleta,1,pełna paleta
39,Otuliny TECLIT PS,ROCKWOOL,225,1,M,,,,48,,30,paleta,1,pełna paleta
39,Otuliny TECLIT PS,ROCKWOOL,226,1,M,,,,48,,40,paleta,1,pełna paleta
39,Otuliny TECLIT PS,ROCKWOOL,227,1,M,,,,48,,50,paleta,1,pełna paleta
39,Otuliny TECLIT PS,ROCKWOOL,228,1,M,,,,54,,20,paleta,1,pełna paleta
39,Otuliny TECLIT PS,ROCKWOOL,229,1,M,,,,54,,25,paleta,1,pełna paleta
39,Otuliny TECLIT PS,ROCKWOOL,230,1,M,,,,54,,30,paleta,1,pełna paleta
39,Otuliny TECLIT PS,ROCKWOOL,231,1,M,,,,54,,40,paleta,1,pełna paleta
39,Otuliny TECLIT PS,ROCKWOOL,232,1,M,,,,54,,50,paleta,1,pełna paleta
39,Otuliny TECLIT PS,ROCKWOOL,233,1,M,,,,54,,60,paleta,1,pełna paleta
39,Otuliny TECLIT PS,ROCKWOOL,234,1,M,,,,60,,20,paleta,1,pełna paleta
39,Otuliny TECLIT PS,ROCKWOOL,235,1,M,,,,60,,25,paleta,1,pełna paleta
39,Otuliny TECLIT PS,ROCKWOOL,236,1,M,,,,60,,30,paleta,1,pełna paleta
39,Otuliny TECLIT PS,ROCKWOOL,237,1,M,,,,60,,40,paleta,1,pełna paleta
39,Otuliny TECLIT PS,ROCKWOOL,238,1,M,,,,60,,50,paleta,1,pełna paleta
39,Otuliny TECLIT PS,ROCKWOOL,239,1,M,,,,60,,60,paleta,1,pełna paleta
39,Otuliny TECLIT PS,ROCKWOOL,240,1,M,,,,64,,20,paleta,1,pełna paleta
39,Otuliny TECLIT PS,ROCKWOOL,241,1,M,,,,64,,25,paleta,1,pełna paleta
39,Otuliny TECLIT PS,ROCKWOOL,242,1,M,,,,64,,30,paleta,1,pełna paleta
39,Otuliny TECLIT PS,ROCKWOOL,243,1,M,,,,64,,40,paleta,1,pełna paleta
39,Otuliny TECLIT PS,ROCKWOOL,244,1,M,,,,64,,50,paleta,1,pełna paleta
39,Otuliny TECLIT PS,ROCKWOOL,245,1,M,,,,64,,60,paleta,1,pełna paleta
39,Otuliny TECLIT PS,ROCKWOOL,246,1,M,,,,64,,70,paleta,1,pełna paleta
39,Otuliny TECLIT PS,ROCKWOOL,247,1,M,,,,70,,20,paleta,1,pełna paleta
39,Otuliny TECLIT PS,ROCKWOOL,248,1,M,,,,70,,25,paleta,1,pełna paleta
39,Otuliny TECLIT PS,ROCKWOOL,249,1,M,,,,70,,30,paleta,1,pełna paleta
39,Otuliny TECLIT PS,ROCKWOOL,250,1,M,,,,70,,40,paleta,1,pełna paleta
39,Otuliny TECLIT PS,ROCKWOOL,251,1,M,,,,70,,50,paleta,1,pełna paleta
39,Otuliny TECLIT PS,ROCKWOOL,252,1,M,,,,70,,70,paleta,1,pełna paleta
39,Otuliny TECLIT PS,ROCKWOOL,253,1,M,,,,76,,20,paleta,1,pełna paleta
39,Otuliny TECLIT PS,ROCKWOOL,254,1,M,,,,76,,25,paleta,1,pełna paleta
39,Otuliny TECLIT PS,ROCKWOOL,255,1,M,,,,76,,30,paleta,1,pełna paleta
39,Otuliny TECLIT PS,ROCKWOOL,256,1,M,,,,76,,40,paleta,1,pełna paleta
39,Otuliny TECLIT PS,ROCKWOOL,257,1,M,,,,76,,50,paleta,1,pełna paleta
39,Otuliny TECLIT PS,ROCKWOOL,258,1,M,,,,76,,70,paleta,1,pełna paleta
39,Otuliny TECLIT PS,ROCKWOOL,259,1,M,,,,76,,80,paleta,1,pełna paleta
39,Otuliny TECLIT PS,ROCKWOOL,260,1,M,,,,89,,20,paleta,1,pełna paleta
39,Otuliny TECLIT PS,ROCKWOOL,261,1,M,,,,89,,25,paleta,1,pełna paleta
39,Otuliny TECLIT PS,ROCKWOOL,262,1,M,,,,89,,30,paleta,1,pełna paleta
39,Otuliny TECLIT PS,ROCKWOOL,263,1,M,,,,89,,40,paleta,1,pełna paleta
39,Otuliny TECLIT PS,ROCKWOOL,264,1,M,,,,89,,50,paleta,1,pełna paleta
39,Otuliny TECLIT PS,ROCKWOOL,265,1,M,,,,89,,100,paleta,1,pełna paleta
39,Otuliny TECLIT PS,ROCKWOOL,266,1,M,,,,108,,25,paleta,1,pełna paleta
39,Otuliny TECLIT PS,ROCKWOOL,267,1,M,,,,108,,30,paleta,1,pełna paleta
39,Otuliny TECLIT PS,ROCKWOOL,268,1,M,,,,108,,40,paleta,1,pełna paleta
39,Otuliny TECLIT PS,ROCKWOOL,269,1,M,,,,108,,50,paleta,1,pełna paleta
39,Otuliny TECLIT PS,ROCKWOOL,270,1,M,,,,108,,80,paleta,1,pełna paleta
39,Otuliny TECLIT PS,ROCKWOOL,271,1,M,,,,108,,100,paleta,1,pełna paleta
39,Otuliny TECLIT PS,ROCKWOOL,272,1,M,,,,114,,25,paleta,1,pełna paleta
39,Otuliny TECLIT PS,ROCKWOOL,273,1,M,,,,114,,30,paleta,1,pełna paleta
39,Otuliny TECLIT PS,ROCKWOOL,274,1,M,,,,114,,40,paleta,1,pełna paleta
39,Otuliny TECLIT PS,ROCKWOOL,275,1,M,,,,114,,50,paleta,1,pełna paleta
39,Otuliny TECLIT PS,ROCKWOOL,276,1,M,,,,114,,100,paleta,1,pełna paleta
39,Otuliny TECLIT PS,ROCKWOOL,277,1,M,,,,133,,25,paleta,1,pełna paleta
39,Otuliny TECLIT PS,ROCKWOOL,278,1,M,,,,133,,30,paleta,1,pełna paleta
39,Otuliny TECLIT PS,ROCKWOOL,279,1,M,,,,133,,40,paleta,1,pełna paleta
39,Otuliny TECLIT PS,ROCKWOOL,280,1,M,,,,133,,50,paleta,1,pełna paleta
39,Otuliny TECLIT PS,ROCKWOOL,281,1,M,,,,133,,100,paleta,1,pełna paleta
39,Otuliny TECLIT PS,ROCKWOOL,282,1,M,,,,140,,25,paleta,1,pełna paleta
39,Otuliny TECLIT PS,ROCKWOOL,283,1,M,,,,140,,30,paleta,1,pełna paleta
39,Otuliny TECLIT PS,ROCKWOOL,284,1,M,,,,140,,40,paleta,1,pełna paleta
39,Otuliny TECLIT PS,ROCKWOOL,285,1,M,,,,140,,50,paleta,1,pełna paleta
39,Otuliny TECLIT PS,ROCKWOOL,286,1,M,,,,140,,100,paleta,1,pełna paleta
39,Otuliny TECLIT PS,ROCKWOOL,287,1,M,,,,159,,25,paleta,1,pełna paleta
39,Otuliny TECLIT PS,ROCKWOOL,288,1,M,,,,159,,30,paleta,1,pełna paleta
39,Otuliny TECLIT PS,ROCKWOOL,289,1,M,,,,159,,40,paleta,1,pełna paleta
39,Otuliny TECLIT PS,ROCKWOOL,290,1,M,,,,159,,50,paleta,1,pełna paleta
39,Otuliny TECLIT PS,ROCKWOOL,291,1,M,,,,159,,100,paleta,1,pełna paleta
39,Otuliny TECLIT PS,ROCKWOOL,292,1,M,,,,169,,40,paleta,1,pełna paleta
39,Otuliny TECLIT PS,ROCKWOOL,293,1,M,,,,169,,50,paleta,1,pełna paleta
39,Otuliny TECLIT PS,ROCKWOOL,294,1,M,,,,169,,100,paleta,1,pełna paleta
39,Otuliny TECLIT PS,ROCKWOOL,295,1,M,,,,219,,40,paleta,1,pełna paleta
39,Otuliny TECLIT PS,ROCKWOOL,296,1,M,,,,219,,50,paleta,1,pełna paleta
39,Otuliny TECLIT PS,ROCKWOOL,297,1,M,,,,219,,100,paleta,1,pełna paleta
40,Mata TECLIT LM,ROCKWOOL,298,1,M2,,,10000,1000,,20,paleta,1,pełna paleta
40,Mata TECLIT LM,ROCKWOOL,299,1,M2,,,10000,1000,,25,paleta,1,pełna paleta
40,Mata TECLIT LM,ROCKWOOL,300,1,M2,,,8000,1000,,30,paleta,1,pełna paleta
40,Mata TECLIT LM,ROCKWOOL,301,1,M2,,,6000,1000,,40,paleta,1,pełna paleta
40,Mata TECLIT LM,ROCKWOOL,302,1,M2,,,5000,1000,,50,paleta,1,pełna paleta
40,Mata TECLIT LM,ROCKWOOL,303,1,M2,,,10000,1000,,20,rolka,,
40,Mata TECLIT LM,ROCKWOOL,304,1,M2,,,10000,1000,,25,rolka,,
40,Mata TECLIT LM,ROCKWOOL,305,1,M2,,,8000,1000,,30,rolka,,
40,Mata TECLIT LM,ROCKWOOL,306,1,M2,,,6000,1000,,40,rolka,,
40,Mata TECLIT LM,ROCKWOOL,307,1,M2,,,5000,1000,,50,rolka,,
41,Uchwyt TECLIT HA,ROCKWOOL,308,1,szt,,,,15,,20,karton,1,paczka
41,Uchwyt TECLIT HA,ROCKWOOL,309,1,szt,,,,18,,20,karton,1,paczka
41,Uchwyt TECLIT HA,ROCKWOOL,310,1,szt,,,,18,,25,karton,1,paczka
41,Uchwyt TECLIT HA,ROCKWOOL,311,1,szt,,,,22,,20,karton,1,paczka
41,Uchwyt TECLIT HA,ROCKWOOL,312,1,szt,,,,22,,25,karton,1,paczka
41,Uchwyt TECLIT HA,ROCKWOOL,313,1,szt,,,,22,,30,karton,1,paczka
41,Uchwyt TECLIT HA,ROCKWOOL,314,1,szt,,,,28,,20,karton,1,paczka
41,Uchwyt TECLIT HA,ROCKWOOL,315,1,szt,,,,28,,25,karton,1,paczka
41,Uchwyt TECLIT HA,ROCKWOOL,316,1,szt,,,,28,,30,karton,1,paczka
41,Uchwyt TECLIT HA,ROCKWOOL,317,1,szt,,,,35,,20,karton,1,paczka
41,Uchwyt TECLIT HA,ROCKWOOL,318,1,szt,,,,35,,25,karton,1,paczka
41,Uchwyt TECLIT HA,ROCKWOOL,319,1,szt,,,,35,,30,karton,1,paczka
41,Uchwyt TECLIT HA,ROCKWOOL,320,1,szt,,,,35,,40,karton,1,paczka
41,Uchwyt TECLIT HA,ROCKWOOL,321,1,szt,,,,42,,20,karton,1,paczka
41,Uchwyt TECLIT HA,ROCKWOOL,322,1,szt,,,,42,,25,karton,1,paczka
41,Uchwyt TECLIT HA,ROCKWOOL,323,1,szt,,,,42,,30,karton,1,paczka
41,Uchwyt TECLIT HA,ROCKWOOL,324,1,szt,,,,42,,40,karton,1,paczka
41,Uchwyt TECLIT HA,ROCKWOOL,325,1,szt,,,,48,,20,karton,1,paczka
41,Uchwyt TECLIT HA,ROCKWOOL,326,1,szt,,,,48,,25,karton,1,paczka
41,Uchwyt TECLIT HA,ROCKWOOL,327,1,szt,,,,48,,30,karton,1,paczka
41,Uchwyt TECLIT HA,ROCKWOOL,328,1,szt,,,,48,,40,karton,1,paczka
41,Uchwyt TECLIT HA,ROCKWOOL,329,1,szt,,,,48,,50,karton,1,paczka
41,Uchwyt TECLIT HA,ROCKWOOL,330,1,szt,,,,54,,20,karton,1,paczka
41,Uchwyt TECLIT HA,ROCKWOOL,331,1,szt,,,,54,,25,karton,1,paczka
41,Uchwyt TECLIT HA,ROCKWOOL,332,1,szt,,,,54,,30,karton,1,paczka
41,Uchwyt TECLIT HA,ROCKWOOL,333,1,szt,,,,54,,40,karton,1,paczka
41,Uchwyt TECLIT HA,ROCKWOOL,334,1,szt,,,,54,,50,karton,1,paczka
41,Uchwyt TECLIT HA,ROCKWOOL,335,1,szt,,,,54,,60,karton,1,paczka
41,Uchwyt TECLIT HA,ROCKWOOL,336,1,szt,,,,60,,20,karton,1,paczka
41,Uchwyt TECLIT HA,ROCKWOOL,337,1,szt,,,,60,,25,karton,1,paczka
41,Uchwyt TECLIT HA,ROCKWOOL,338,1,szt,,,,60,,30,karton,1,paczka
41,Uchwyt TECLIT HA,ROCKWOOL,339,1,szt,,,,60,,40,karton,1,paczka
41,Uchwyt TECLIT HA,ROCKWOOL,340,1,szt,,,,60,,60,karton,1,paczka
41,Uchwyt TECLIT HA,ROCKWOOL,341,1,szt,,,,64,,20,karton,1,paczka
41,Uchwyt TECLIT HA,ROCKWOOL,342,1,szt,,,,64,,25,karton,1,paczka
41,Uchwyt TECLIT HA,ROCKWOOL,343,1,szt,,,,64,,30,karton,1,paczka
41,Uchwyt TECLIT HA,ROCKWOOL,344,1,szt,,,,64,,40,karton,1,paczka
41,Uchwyt TECLIT HA,ROCKWOOL,345,1,szt,,,,64,,60,karton,1,paczka
41,Uchwyt TECLIT HA,ROCKWOOL,346,1,szt,,,,64,,70,karton,1,paczka
41,Uchwyt TECLIT HA,ROCKWOOL,347,1,szt,,,,70,,20,karton,1,paczka
41,Uchwyt TECLIT HA,ROCKWOOL,348,1,szt,,,,70,,25,karton,1,paczka
41,Uchwyt TECLIT HA,ROCKWOOL,349,1,szt,,,,70,,30,karton,1,paczka
41,Uchwyt TECLIT HA,ROCKWOOL,350,1,szt,,,,70,,40,karton,1,paczka
41,Uchwyt TECLIT HA,ROCKWOOL,351,1,szt,,,,70,,70,karton,1,paczka
41,Uchwyt TECLIT HA,ROCKWOOL,352,1,szt,,,,76,,20,karton,1,paczka
41,Uchwyt TECLIT HA,ROCKWOOL,353,1,szt,,,,76,,25,karton,1,paczka
41,Uchwyt TECLIT HA,ROCKWOOL,354,1,szt,,,,76,,30,karton,1,paczka
41,Uchwyt TECLIT HA,ROCKWOOL,355,1,szt,,,,76,,40,karton,1,paczka
41,Uchwyt TECLIT HA,ROCKWOOL,356,1,szt,,,,76,,70,karton,1,paczka
41,Uchwyt TECLIT HA,ROCKWOOL,357,1,szt,,,,76,,80,karton,1,paczka
41,Uchwyt TECLIT HA,ROCKWOOL,358,1,szt,,,,89,,20,karton,1,paczka
41,Uchwyt TECLIT HA,ROCKWOOL,359,1,szt,,,,89,,25,karton,1,paczka
41,Uchwyt TECLIT HA,ROCKWOOL,360,1,szt,,,,89,,30,karton,1,paczka
41,Uchwyt TECLIT HA,ROCKWOOL,361,1,szt,,,,89,,40,karton,1,paczka
41,Uchwyt TECLIT HA,ROCKWOOL,362,1,szt,,,,89,,50,karton,1,paczka
41,Uchwyt TECLIT HA,ROCKWOOL,363,1,szt,,,,89,,100,karton,1,paczka
41,Uchwyt TECLIT HA,ROCKWOOL,364,1,szt,,,,108,,25,karton,1,paczka
41,Uchwyt TECLIT HA,ROCKWOOL,365,1,szt,,,,108,,30,karton,1,paczka
41,Uchwyt TECLIT HA,ROCKWOOL,366,1,szt,,,,108,,40,karton,1,paczka
41,Uchwyt TECLIT HA,ROCKWOOL,367,1,szt,,,,108,,50,karton,1,paczka
41,Uchwyt TECLIT HA,ROCKWOOL,368,1,szt,,,,108,,100,karton,1,paczka
41,Uchwyt TECLIT HA,ROCKWOOL,369,1,szt,,,,114,,25,karton,1,paczka
41,Uchwyt TECLIT HA,ROCKWOOL,370,1,szt,,,,114,,30,karton,1,paczka
41,Uchwyt TECLIT HA,ROCKWOOL,371,1,szt,,,,114,,40,karton,1,paczka
41,Uchwyt TECLIT HA,ROCKWOOL,372,1,szt,,,,114,,50,karton,1,paczka
41,Uchwyt TECLIT HA,ROCKWOOL,373,1,szt,,,,114,,100,karton,1,paczka
41,Uchwyt TECLIT HA,ROCKWOOL,374,1,szt,,,,140,,25,karton,1,paczka
41,Uchwyt TECLIT HA,ROCKWOOL,375,1,szt,,,,140,,30,karton,1,paczka
41,Uchwyt TECLIT HA,ROCKWOOL,376,1,szt,,,,140,,40,karton,1,paczka
41,Uchwyt TECLIT HA,ROCKWOOL,377,1,szt,,,,140,,50,karton,1,paczka
41,Uchwyt TECLIT HA,ROCKWOOL,378,1,szt,,,,140,,100,karton,1,paczka
41,Uchwyt TECLIT HA,ROCKWOOL,379,1,szt,,,,159,,25,karton,1,paczka
41,Uchwyt TECLIT HA,ROCKWOOL,380,1,szt,,,,159,,30,karton,1,paczka
41,Uchwyt TECLIT HA,ROCKWOOL,381,1,szt,,,,159,,40,karton,1,paczka
41,Uchwyt TECLIT HA,ROCKWOOL,382,1,szt,,,,159,,50,karton,1,paczka
41,Uchwyt TECLIT HA,ROCKWOOL,383,1,szt,,,,159,,100,karton,1,paczka
41,Uchwyt TECLIT HA,ROCKWOOL,384,1,szt,,,,169,,40,karton,1,paczka
41,Uchwyt TECLIT HA,ROCKWOOL,385,1,szt,,,,219,,50,karton,1,paczka
41,Uchwyt TECLIT HA,ROCKWOOL,386,1,szt,,,,169,,100,karton,1,paczka
41,Uchwyt TECLIT HA,ROCKWOOL,387,1,szt,,,,219,,40,karton,1,paczka
41,Uchwyt TECLIT HA,ROCKWOOL,388,1,szt,,,,219,,100,karton,1,paczka
42,TECLIT AT,ROCKWOOL,389,1,szt,,,50,50,,,karton,1,paczka
42,TECLIT AT,ROCKWOOL,390,1,szt,,,50,75,,,karton,1,paczka
42,TECLIT AT,ROCKWOOL,391,1,szt,,,50,100,,,karton,1,paczka
42,TECLIT AT,ROCKWOOL,392,1,szt,,,20,50,,,karton,1,paczka
42,TECLIT AT,ROCKWOOL,393,1,szt,,,20,150,,,karton,1,paczka
43,INDUSTRIAL BATTS BLACK 60,ROCKWOOL,394,1,M2,,,2000,1200,,30,paleta,1,pełna paleta
43,INDUSTRIAL BATTS BLACK 60,ROCKWOOL,395,1,M2,,,2000,1200,,50,paleta,1,pełna paleta
43,INDUSTRIAL BATTS BLACK 60,ROCKWOOL,396,1,M2,,,2000,1200,,100,paleta,1,pełna paleta
44,INDUSTRIAL BATTS BLACK 60Z z dwustronnym welonem,ROCKWOOL,397,1,M2,,,2000,1200,,50,paleta,1,pełna paleta
44,INDUSTRIAL BATTS BLACK 60Z z dwustronnym welonem,ROCKWOOL,398,1,M2,,,2000,1200,,100,paleta,1,pełna paleta
45,INDUSTRIAL BATTS BLACK 80,ROCKWOOL,399,1,M2,,,2000,1200,,15,paleta,1,pełna paleta
45,INDUSTRIAL BATTS BLACK 80,ROCKWOOL,400,1,M2,,,2000,1200,,20,paleta,1,pełna paleta
127,Sternbild,OWA,798,1,M2,,,600,600,,15,paczka,1,pełna paleta
127,Sternbild,OWA,823,1,M2,,,600,600,,15,paczka,1,pełna paleta
127,Sternbild,OWA,824,1,M2,,,600,600,,15,paczka,1,pełna paleta
127,Sternbild,OWA,825,1,M2,,,1200,600,,15,paczka,1,pełna paleta
127,Sternbild,OWA,826,1,M2,,,1200,600,,15,paczka,1,pełna paleta
127,Sternbild,OWA,827,1,M2,,,1200,600,,15,paczka,1,pełna paleta
128,Futura ,OWA,828,1,M2,,,600,600,,15,paczka,1,pełna paleta
128,Futura ,OWA,829,1,M2,,,600,600,,15,paczka,1,pełna paleta
128,Futura ,OWA,830,1,M2,,,600,600,,15,paczka,1,pełna paleta
128,Futura ,OWA,831,1,M2,,,1200,600,,15,paczka,1,pełna paleta
128,Futura ,OWA,832,1,M2,,,1200,600,,15,paczka,1,pełna paleta
128,Futura ,OWA,833,1,M2,,,1200,600,,15,paczka,1,pełna paleta
129,Harmony ,OWA,834,1,M2,,,600,600,,15,paczka,1,pełna paleta
129,Harmony ,OWA,835,1,M2,,,600,600,,15,paczka,1,pełna paleta
129,Harmony ,OWA,836,1,M2,,,600,600,,15,paczka,1,pełna paleta
129,Harmony ,OWA,837,1,M2,,,1200,600,,15,paczka,1,pełna paleta
129,Harmony ,OWA,838,1,M2,,,1200,600,,15,paczka,1,pełna paleta
129,Harmony ,OWA,839,1,M2,,,1200,600,,15,paczka,1,pełna paleta
130,Finetta ,OWA,840,1,M2,,,600,600,,15,paczka,1,pełna paleta
130,Finetta ,OWA,841,1,M2,,,600,600,,15,paczka,1,pełna paleta
130,Finetta ,OWA,842,1,M2,,,600,600,,15,paczka,1,pełna paleta
130,Finetta ,OWA,843,1,M2,,,1200,600,,15,paczka,1,pełna paleta
130,Finetta ,OWA,844,1,M2,,,1200,600,,15,paczka,1,pełna paleta
130,Finetta ,OWA,845,1,M2,,,1200,600,,15,paczka,1,pełna paleta
131,Schlicht ,OWA,846,1,M2,,,600,600,,15,paczka,1,pełna paleta
131,Schlicht ,OWA,847,1,M2,,,600,600,,15,paczka,1,pełna paleta
131,Schlicht ,OWA,848,1,M2,,,600,600,,15,paczka,1,pełna paleta
131,Schlicht ,OWA,849,1,M2,,,1200,600,,15,paczka,1,pełna paleta
131,Schlicht ,OWA,850,1,M2,,,1200,600,,15,paczka,1,pełna paleta
131,Schlicht ,OWA,851,1,M2,,,1200,600,,15,paczka,1,pełna paleta
131,Schlicht ,OWA,902,1,M2,,,600,600,,20,paczka,1,pełna paleta
132,Universal ,OWA,852,1,M2,,,600,600,,15,paczka,1,pełna paleta
132,Universal ,OWA,853,1,M2,,,1200,600,,15,paczka,1,pełna paleta
133,New Sandila O/N ,OWA,854,1,M2,,,600,600,,15,paczka,1,pełna paleta
133,New Sandila O/N ,OWA,855,1,M2,,,600,600,,15,paczka,1,pełna paleta
133,New Sandila O/N ,OWA,856,1,M2,,,600,600,,15,paczka,1,pełna paleta
133,New Sandila O/N ,OWA,857,1,M2,,,1200,600,,15,paczka,1,pełna paleta
133,New Sandila O/N ,OWA,858,1,M2,,,1200,600,,15,paczka,1,pełna paleta
133,New Sandila O/N ,OWA,859,1,M2,,,1200,600,,15,paczka,1,pełna paleta
134,New Sandila NRC ,OWA,860,1,M2,,,600,600,,15,paczka,1,pełna paleta
134,New Sandila NRC ,OWA,861,1,M2,,,600,600,,15,paczka,1,pełna paleta
134,New Sandila NRC ,OWA,862,1,M2,,,600,600,,15,paczka,1,pełna paleta
134,New Sandila NRC ,OWA,863,1,M2,,,1200,600,,15,paczka,1,pełna paleta
134,New Sandila NRC ,OWA,864,1,M2,,,1200,600,,15,paczka,1,pełna paleta
134,New Sandila NRC ,OWA,865,1,M2,,,1200,600,,15,paczka,1,pełna paleta
135,Multi Alpha ,OWA,866,1,M2,,,600,600,,15,paczka,1,pełna paleta
135,Multi Alpha ,OWA,867,1,M2,,,1200,600,,15,paczka,1,pełna paleta
136,Cosmos O/N ,OWA,868,1,M2,,,600,600,,15,paczka,1,pełna paleta
136,Cosmos O/N ,OWA,869,1,M2,,,600,600,,15,paczka,1,pełna paleta
136,Cosmos O/N ,OWA,870,1,M2,,,600,600,,15,paczka,1,pełna paleta
136,Cosmos O/N ,OWA,871,1,M2,,,1200,600,,15,paczka,1,pełna paleta
136,Cosmos O/N ,OWA,872,1,M2,,,1200,600,,15,paczka,1,pełna paleta
136,Cosmos O/N ,OWA,873,1,M2,,,1200,600,,15,paczka,1,pełna paleta
137,Ocean ,OWA,874,1,M2,,,600,600,,15,paczka,1,pełna paleta
137,Ocean ,OWA,918,1,M2,,,600,600,,19,paczka,1,pełna paleta
138,Sinfonia ,OWA,875,1,M2,,,600,600,,15,paczka,1,pełna paleta
138,Sinfonia ,OWA,876,1,M2,,,600,600,,15,paczka,1,pełna paleta
138,Sinfonia ,OWA,877,1,M2,,,1200,600,,15,paczka,1,pełna paleta
138,Sinfonia ,OWA,878,1,M2,,,1200,600,,15,paczka,1,pełna paleta
139,Bolero ,OWA,879,1,M2,,,600,600,,15,paczka,1,pełna paleta
139,Bolero ,OWA,880,1,M2,,,600,600,,15,paczka,1,pełna paleta
139,Bolero ,OWA,881,1,M2,,,1200,600,,15,paczka,1,pełna paleta
139,Bolero ,OWA,882,1,M2,,,1200,600,,15,paczka,1,pełna paleta
140,OWAlux biały,OWA,883,1,M2,,,600,600,,15,paczka,1,pełna paleta
141,OWAlux srebrny,OWA,884,1,M2,,,600,600,,15,paczka,1,pełna paleta
142,Harmony smart,OWA,885,1,M2,,,600,600,,14,paczka,1,pełna paleta
142,Harmony smart,OWA,886,1,M2,,,600,600,,14,paczka,1,pełna paleta
143,Futura smart,OWA,887,1,M2,,,600,600,,14,paczka,1,pełna paleta
143,Futura smart,OWA,888,1,M2,,,600,600,,14,paczka,1,pełna paleta
144,Sternbild smart,OWA,889,1,M2,,,600,600,,14,paczka,1,pełna paleta
144,Sternbild smart,OWA,890,1,M2,,,600,600,,14,paczka,1,pełna paleta
145,Finetta smart,OWA,891,1,M2,,,600,600,,14,paczka,1,pełna paleta
145,Finetta smart,OWA,892,1,M2,,,600,600,,14,paczka,1,pełna paleta
146,New Sandila smart/O ,OWA,893,1,M2,,,600,600,,14,paczka,1,pełna paleta
146,New Sandila smart/O ,OWA,894,1,M2,,,1200,600,,14,paczka,1,pełna paleta
146,New Sandila smart/O ,OWA,895,1,M2,,,600,600,,14,paczka,1,pełna paleta
147,New Sandila smart/N ,OWA,896,1,M2,,,600,600,,14,paczka,1,pełna paleta
148,Schlicht smart ,OWA,897,1,M2,,,600,600,,14,paczka,1,pełna paleta
148,Schlicht smart ,OWA,898,1,M2,,,600,600,,14,paczka,1,pełna paleta
148,Schlicht smart ,OWA,899,1,M2,,,1200,600,,14,paczka,1,pełna paleta
149,Cosmos ,OWA,900,1,M2,,,600,600,,20,paczka,1,pełna paleta
150,Sinfonia C ,OWA,904,1,M2,,,600,600,,20,paczka,1,pełna paleta
151,Humancare ,OWA,906,1,M2,,,600,600,,15,paczka,1,pełna paleta
152,Sinfonia czarna ,OWA,907,1,M2,,,600,600,,15,paczka,1,pełna paleta
153,Sinfonia szara ,OWA,908,1,M2,,,600,600,,15,paczka,1,pełna paleta
154,mavroc Sternbild ,OWA,909,1,M2,,,600,600,,15,paczka,1,pełna paleta
155,mavroc Cosmos/O ,OWA,910,1,M2,,,600,600,,15,paczka,1,pełna paleta
156,mavroc Cosmos/N ,OWA,911,1,M2,,,600,600,,15,paczka,1,pełna paleta
157,sanitas 02 Sternbild ,OWA,912,1,M2,,,600,600,,15,paczka,1,pełna paleta
158,sanitas 02 Schlicht ,OWA,913,1,M2,,,600,600,,15,paczka,1,pełna paleta
159,Brillianto,OWA,914,1,M2,,,600,600,,12,paczka,1,pełna paleta
160,Brillianto A ,OWA,915,1,M2,,,600,600,,15,paczka,1,pełna paleta
160,Brillianto A ,OWA,916,1,M2,,,600,1200,,15,paczka,1,pełna paleta
160,Brillianto A ,OWA,917,1,M2,,,600,600,,19,paczka,1,pełna paleta
161,Skrzynka ogniowa,OWA,919,1,szt,,,600,600,,16,,,
163,RIGIPS PRO typ A (GKB),RIGIPS,931,1,M2,7.2,,2000,1200,,9.5,,1,pełna paleta
163,RIGIPS PRO typ A (GKB),RIGIPS,932,1,M2,7.2,,2600,1200,,9.5,,1,pełna paleta
163,RIGIPS PRO typ A (GKB),RIGIPS,933,1,M2,7.2,,3000,1200,,9.5,,1,pełna paleta
163,RIGIPS PRO typ A (GKB),RIGIPS,934,1,M2,8.1,,2000,1200,,9.5,,1,pełna paleta
163,RIGIPS PRO typ A (GKB),RIGIPS,935,1,M2,8.1,,2600,1200,,9.5,,1,pełna paleta
163,RIGIPS PRO typ A (GKB),RIGIPS,936,1,M2,8.1,,2750,1200,,9.5,,1,pełna paleta
163,RIGIPS PRO typ A (GKB),RIGIPS,937,1,M2,8.1,,3000,1200,,9.5,,1,pełna paleta
164,RIGIPS PRO Hydro typ H2 (GKBI),RIGIPS,938,1,M2,8.4,,2000,1200,,12.5,,1,pełna paleta
164,RIGIPS PRO Hydro typ H2 (GKBI),RIGIPS,939,1,M2,8.4,,2600,1200,,12.5,,1,pełna paleta
164,RIGIPS PRO Hydro typ H2 (GKBI),RIGIPS,940,1,M2,8.4,,3000,1200,,12.5,,1,pełna paleta
165,RIGIPS PRO Fire F,RIGIPS,941,1,M2,9.3,,2000,1200,,12.5,,1,pełna paleta
165,RIGIPS PRO Fire F,RIGIPS,942,1,M2,9.3,,2600,1200,,12.5,,1,pełna paleta
165,RIGIPS PRO Fire F,RIGIPS,943,1,M2,9.3,,3000,1200,,12.5,,1,pełna paleta
166,RIGIPS PRO Fire+ typ DF (GKF),RIGIPS,944,1,M2,10.1,,2000,1200,,12.5,,1,pełna paleta
166,RIGIPS PRO Fire+ typ DF (GKF),RIGIPS,945,1,M2,10.1,,2600,1200,,12.5,,1,pełna paleta
166,RIGIPS PRO Fire+ typ DF (GKF),RIGIPS,946,1,M2,10.1,,3000,1200,,12.5,,1,pełna paleta
166,RIGIPS PRO Fire+ typ DF (GKF),RIGIPS,947,1,M2,12.1,,2000,1200,,15,,1,pełna paleta
166,RIGIPS PRO Fire+ typ DF (GKF),RIGIPS,948,1,M2,12.1,,2500,1200,,15,,1,pełna paleta
166,RIGIPS PRO Fire+ typ DF (GKF),RIGIPS,949,1,M2,12.1,,2600,1200,,15,,1,pełna paleta
166,RIGIPS PRO Fire+ typ DF (GKF),RIGIPS,950,1,M2,12.1,,3000,1200,,15,,1,pełna paleta
166,RIGIPS PRO Fire+ typ DF (GKF),RIGIPS,951,1,M2,14.5,,2000,1200,,18,,1,pełna paleta
167,RIGIPS PRO Fire+ Hydro typ DFH2 (GKFI),RIGIPS,952,1,M2,10.1,,2000,1200,,12.5,,1,pełna paleta
167,RIGIPS PRO Fire+ Hydro typ DFH2 (GKFI),RIGIPS,953,1,M2,10.1,,2600,1200,,12.5,,1,pełna paleta
167,RIGIPS PRO Fire+ Hydro typ DFH2 (GKFI),RIGIPS,954,1,M2,10.1,,3000,1200,,12.5,,1,pełna paleta
167,RIGIPS PRO Fire+ Hydro typ DFH2 (GKFI),RIGIPS,955,1,M2,12.1,,2600,1200,,15,,1,pełna paleta
168,RIGIPS 4PROTM,RIGIPS,956,1,M2,8.8,,2000,1200,,12.5,,1,pełna paleta
168,RIGIPS 4PROTM,RIGIPS,957,1,M2,8.8,,2600,1200,,12.5,,1,pełna paleta
169,RIGIPS 4PROTM Activ'Air®,RIGIPS,958,1,M2,8.8,,2600,1200,,12.5,,1,pełna paleta
170,RIGIPS 4PROTM Hydro typ H2,RIGIPS,959,1,M2,8.8,,2000,1200,,12.5,,1,pełna paleta
170,RIGIPS 4PROTM Hydro typ H2,RIGIPS,960,1,M2,8.8,,2600,1200,,12.5,,1,pełna paleta
171,RIGIPS 4PROTM Fire typ F,RIGIPS,961,1,M2,9.4,,2000,1200,,12.5,,1,pełna paleta
171,RIGIPS 4PROTM Fire typ F,RIGIPS,962,1,M2,9.4,,2600,1200,,12.5,,1,pełna paleta
172,RIGIPS PRO Aku typ A (GKB),RIGIPS,963,1,M2,12,,2000,1200,,12.5,,1,pełna paleta
172,RIGIPS PRO Aku typ A (GKB),RIGIPS,964,1,M2,12,,2600,1200,,12.5,,1,pełna paleta
172,RIGIPS PRO Aku typ A (GKB),RIGIPS,965,1,M2,12,,3000,1200,,12.5,,1,pełna paleta
173,RIGIPS PRO Aku Hydro typ H2 (GKBI),RIGIPS,966,1,M2,12.1,,2000,1200,,12.5,,1,pełna paleta
173,RIGIPS PRO Aku Hydro typ H2 (GKBI),RIGIPS,967,1,M2,12.1,,2600,1200,,12.5,,1,pełna paleta
174,RIGIPS PRO Aku Fire+ typ DF (GKF),RIGIPS,968,1,M2,12.2,,3000,1200,,12.5,,1,pełna paleta
175,GLASROC GHS 9 R STORM,RIGIPS,969,1,M2,7.6,,2700,1200,,9.5,,1,pełna paleta
176,RIGIPS HABITO®,RIGIPS,970,1,M2,12,,2600,1200,,12.5,,1,pełna paleta
177,RIGIPS HABITO® H Hydro,RIGIPS,971,1,M2,12.2,,2600,1200,,12.5,,1,pełna paleta
178,RIGIPS PRO Duraline,RIGIPS,972,1,M2,12,,2600,1200,,12.5,,1,pełna paleta
178,RIGIPS PRO Duraline,RIGIPS,973,1,M2,14.5,,2600,1200,,15,,1,pełna paleta
179,RIGIPS Rigidur H,RIGIPS,974,1,M2,16.3,,2500,1195,,12.5,,1,pełna paleta
179,RIGIPS Rigidur H,RIGIPS,975,1,M2,16.3,,2600,1195,,12.5,,1,pełna paleta
179,RIGIPS Rigidur H,RIGIPS,976,1,M2,16.3,,3000,1195,,12.5,,1,pełna paleta
179,RIGIPS Rigidur H,RIGIPS,977,1,M2,12.5,,2500,1195,,10,,1,pełna paleta
179,RIGIPS Rigidur H,RIGIPS,978,1,M2,12.5,,3000,1195,,10,,1,pełna paleta
179,RIGIPS Rigidur H,RIGIPS,979,1,M2,18,,2640,1249,,15,,1,pełna paleta
180,RIGIPS PRO Flexi typ D,RIGIPS,980,1,M2,5.9,,2600,1200,,6.5,,1,pełna paleta
181,Glasroc F (Riflex) ,RIGIPS,981,1,M2,6,,2400,1200,,6,,1,pełna paleta
182,Gyptone BIG Curve,RIGIPS,982,1,M2,6.5,,2400,1200,,6.5,,1,pełna paleta
182,Gyptone BIG Curve,RIGIPS,983,1,M2,6.5,,2400,1200,,6.5,,1,pełna paleta
182,Gyptone BIG Curve,RIGIPS,984,1,M2,6.5,,2400,1200,,6.5,,1,pełna paleta
183,GLASROC H Ocean typ GM-FH1,RIGIPS,985,1,M2,10.5,,2000,1200,,12.5,,1,pełna paleta
183,GLASROC H Ocean typ GM-FH1,RIGIPS,986,1,M2,10.5,,2600,1200,,12.5,,1,pełna paleta
184,AQUAROC,RIGIPS,987,1,M2,13.5,,900,1200,,12.5,,1,pełna paleta
184,AQUAROC,RIGIPS,988,1,M2,13.5,,2500,1200,,12.5,,1,pełna paleta
184,AQUAROC,RIGIPS,989,1,M2,13.5,,3000,1200,,12.5,,1,pełna paleta
185,RIGIPS PRO Kompakt typ A,RIGIPS,990,1,M2,8.6,,1800,900,,12.5,,1,pełna paleta
186,RIGIPS PRO Kompakt Hydro typ H2,RIGIPS,991,1,M2,9.3,,1800,900,,12.5,,1,pełna paleta
187,RIGIPS Rigidur E,RIGIPS,992,1,M2,25.2,,1500,500,,20,,1,pełna paleta
187,RIGIPS Rigidur E,RIGIPS,993,1,M2,31.4,,1500,500,,25,,1,pełna paleta
187,RIGIPS Rigidur E,RIGIPS,994,1,M2,26.8,,1500,500,,30,,1,pełna paleta
188,RIGIPS RIGISTABIL,RIGIPS,995,1,M2,11.5,,1800,1250,,12.5,,1,pełna paleta
189,Glasroc F (Ridurit),RIGIPS,996,1,M2,12.8,,2000,1200,,15,,1,pełna paleta
189,Glasroc F (Ridurit),RIGIPS,997,1,M2,17,,2000,1200,,20,,1,pełna paleta
189,Glasroc F (Ridurit),RIGIPS,998,1,M2,21.3,,2000,1200,,25,,1,pełna paleta
189,Glasroc F (Ridurit),RIGIPS,999,1,M2,8.5,,2400,1200,,10,,1,pełna paleta
189,Glasroc F (Ridurit),RIGIPS,1000,1,M2,10.6,,2400,1200,,12.5,,1,pełna paleta
189,Glasroc F (Ridurit),RIGIPS,1001,1,M2,25.5,,2000,1200,,30,,1,pełna paleta
192,RIGITONE 6/18,RIGIPS,1014,1,M2,8.32,,1998,1188,,12.5,,1,pełna paleta
192,RIGITONE 6/18,RIGIPS,1015,1,M2,8.32,,1998,1188,,12.5,,1,pełna paleta
193,RIGITONE 8/18,RIGIPS,1016,1,M2,8.76,,1998,1188,,12.5,,1,pełna paleta
193,RIGITONE 8/18,RIGIPS,1017,1,M2,8.76,,1998,1188,,12.5,,1,pełna paleta
194,RIGITONE 10/23,RIGIPS,1018,1,M2,8.83,,2001,1196,,12.5,,1,pełna paleta
194,RIGITONE 10/23,RIGIPS,1019,1,M2,8.83,,2001,1196,,12.5,,1,pełna paleta
195,RIGITONE 12/25,RIGIPS,1020,1,M2,8.49,,2000,1200,,12.5,,1,pełna paleta
195,RIGITONE 12/25,RIGIPS,1021,1,M2,8.49,,2000,1200,,12.5,,1,pełna paleta
196,RIGITONE 15/30,RIGIPS,1022,1,M2,8.34,,1998,1200,,12.5,,1,pełna paleta
196,RIGITONE 15/30,RIGIPS,1023,1,M2,8.34,,1998,1200,,12.5,,1,pełna paleta
197,RIGITONE 12-20/66,RIGIPS,1024,1,M2,8.39,,1998,1188,,12.5,,1,pełna paleta
197,RIGITONE 12-20/66,RIGIPS,1025,1,M2,8.39,,1998,1188,,12.5,,1,pełna paleta
198,RIGITONE 8-15-20 Super,RIGIPS,1026,1,M2,9.33,,1960,1200,,12.5,,1,pełna paleta
198,RIGITONE 8-15-20 Super,RIGIPS,1027,1,M2,9.33,,1960,1200,,12.5,,1,pełna paleta
199,RIGITONE 12-20-35,RIGIPS,1028,1,M2,9.22,,2000,1200,,12.5,,1,pełna paleta
199,RIGITONE 12-20-35,RIGIPS,1029,1,M2,9.22,,2000,1200,,12.5,,1,pełna paleta
200,RIGITONE 8/18q,RIGIPS,1030,1,M2,8.32,,1998,1188,,12.5,,1,pełna paleta
200,RIGITONE 8/18q,RIGIPS,1031,1,M2,8.32,,1998,1188,,12.5,,1,pełna paleta
201,RIGITONE 12/25q,RIGIPS,1032,1,M2,7.99,,2000,1200,,12.5,,1,pełna paleta
201,RIGITONE 12/25q,RIGIPS,1033,1,M2,7.99,,2000,1200,,12.5,,1,pełna paleta
202,BIG QUATTRO Nr 40,RIGIPS,1034,1,M2,8,,2400,1200,,12.5,,1,pełna paleta
203,BIG QUATTRO Nr 41,RIGIPS,1035,1,M2,8,,2400,1200,,12.5,,1,pełna paleta
204,BIG QUATTRO Nr 42,RIGIPS,1036,1,M2,8,,2400,1200,,12.5,,1,pełna paleta
205,BIG QUATTRO Nr 44,RIGIPS,1037,1,M2,8,,2400,1200,,12.5,,1,pełna paleta
206,BIG QUATTRO Nr 46,RIGIPS,1038,1,M2,8,,2400,1200,,12.5,,1,pełna paleta
207,BIG QUATTRO Nr 47,RIGIPS,1039,1,M2,8,,2400,1200,,12.5,,1,pełna paleta
208,BIG QUATTRO Nr 71,RIGIPS,1040,1,M2,8,,2400,1200,,12.5,,1,pełna paleta
209,BIG LINE Nr 6,RIGIPS,1041,1,M2,8,,2400,1200,,12.5,,1,pełna paleta
210,BIG SIXTO Nr 63,RIGIPS,1042,1,M2,8,,2400,1200,,12.5,,1,pełna paleta
211,CASOROC,RIGIPS,1043,1,M2,6.2,,600,600,,8,,1,pełna paleta
211,CASOROC,RIGIPS,1044,1,M2,6.2,,1200,600,,8,,1,pełna paleta
212,CASOSTAR,RIGIPS,1045,1,M2,6.2,,600,600,,8,,1,pełna paleta
212,CASOSTAR,RIGIPS,1046,1,M2,6.2,,1200,600,,8,,1,pełna paleta
213,CASOBIANCA,RIGIPS,1047,1,M2,6.2,,600,600,,8,,1,pełna paleta
213,CASOBIANCA,RIGIPS,1048,1,M2,6.2,,1200,600,,8,,1,pełna paleta
214,GYPREX Alba,RIGIPS,1049,1,M2,7.48,,600,600,,9.5,,1,pełna paleta
215,GYPREX Asepta/Bio,RIGIPS,1050,1,M2,6.9,,600,600,,8,,1,pełna paleta
215,GYPREX Asepta/Bio,RIGIPS,1051,1,M2,6.9,,600,600,,8,,1,pełna paleta
216,BASE 31,RIGIPS,1052,1,M2,8,,600,600,,10,,1,pełna paleta
216,BASE 31,RIGIPS,1053,1,M2,8,,1200,600,,10,,1,pełna paleta
216,BASE 31,RIGIPS,1065,1,M2,7.66,,600,600,,10,,1,pełna paleta
216,BASE 31,RIGIPS,1069,1,M2,7.66,,600,600,,10,,1,pełna paleta
216,BASE 31,RIGIPS,1078,1,M2,9.15,,600,600,,12.5,,1,pełna paleta
217,LINE 4,RIGIPS,1054,1,M2,6.56,,600,600,,10,,1,pełna paleta
217,LINE 4,RIGIPS,1055,1,M2,6.56,,1200,600,,10,,1,pełna paleta
217,LINE 4,RIGIPS,1070,1,M2,6.22,,600,600,,10,,1,pełna paleta
217,LINE 4,RIGIPS,1079,1,M2,7.5,,600,600,,12.5,,1,pełna paleta
218,POINT 11,RIGIPS,1056,1,M2,7.04,,600,600,,10,,1,pełna paleta
218,POINT 11,RIGIPS,1057,1,M2,7.04,,1200,600,,10,,1,pełna paleta
218,POINT 11,RIGIPS,1066,1,M2,6.7,,600,600,,10,,1,pełna paleta
218,POINT 11,RIGIPS,1071,1,M2,6.7,,600,600,,10,,1,pełna paleta
218,POINT 11,RIGIPS,1080,1,M2,8.05,,600,600,,12.5,,1,pełna paleta
219,POINT 12,RIGIPS,1058,1,M2,7.58,,600,600,,10,,1,pełna paleta
219,POINT 12,RIGIPS,1072,1,M2,7.24,,600,600,,10,,1,pełna paleta
219,POINT 12,RIGIPS,1081,1,M2,8.69,,600,600,,12.5,,1,pełna paleta
220,POINT 80,RIGIPS,1059,1,M2,5.3,,600,600,,8,,1,pełna paleta
221,QUATTRO 20,RIGIPS,1060,1,M2,6.56,,600,600,,10,,1,pełna paleta
221,QUATTRO 20,RIGIPS,1067,1,M2,6.22,,600,600,,10,,1,pełna paleta
221,QUATTRO 20,RIGIPS,1073,1,M2,6.22,,600,600,,10,,1,pełna paleta
221,QUATTRO 20,RIGIPS,1082,1,M2,7.5,,600,600,,12.5,,1,pełna paleta
222,QUATTRO 22,RIGIPS,1061,1,M2,7.26,,600,600,,10,,1,pełna paleta
222,QUATTRO 22,RIGIPS,1074,1,M2,7.17,,600,600,,10,,1,pełna paleta
222,QUATTRO 22,RIGIPS,1083,1,M2,8.33,,600,600,,12.5,,1,pełna paleta
223,QUATTRO 50,RIGIPS,1062,1,M2,6.56,,600,600,,10,,1,pełna paleta
223,QUATTRO 50,RIGIPS,1068,1,M2,6.22,,600,600,,10,,1,pełna paleta
223,QUATTRO 50,RIGIPS,1075,1,M2,6.22,,600,600,,10,,1,pełna paleta
223,QUATTRO 50,RIGIPS,1084,1,M2,7.5,,600,600,,12.5,,1,pełna paleta
224,QUATTRO 70,RIGIPS,1063,1,M2,5.24,,600,600,,10,,1,pełna paleta
224,QUATTRO 70,RIGIPS,1076,1,M2,5.2,,600,600,,10,,1,pełna paleta
224,QUATTRO 70,RIGIPS,1085,1,M2,7.94,,600,600,,12.5,,1,pełna paleta
225,SIXTO 60,RIGIPS,1064,1,M2,6.64,,600,600,,10,,1,pełna paleta
225,SIXTO 60,RIGIPS,1077,1,M2,6.97,,600,600,,10,,1,pełna paleta
225,SIXTO 60,RIGIPS,1086,1,M2,7.6,,600,600,,12.5,,1,pełna paleta
226,PLANK LINE 8,RIGIPS,1087,1,M2,8,,1800,300,,12.5,,1,pełna paleta
226,PLANK LINE 8,RIGIPS,1088,1,M2,8,,2400,300,,12.5,,1,pełna paleta
227,PLANK POINT 15,RIGIPS,1089,1,M2,8,,1800,300,,12.5,,1,pełna paleta
227,PLANK POINT 15,RIGIPS,1090,1,M2,8,,2400,300,,12.5,,1,pełna paleta
228,PLANK QUATTRO 55,RIGIPS,1091,1,M2,8,,1800,300,,12.5,,1,pełna paleta
228,PLANK QUATTRO 55,RIGIPS,1092,1,M2,8,,2400,300,,12.5,,1,pełna paleta
229,PLANK QUATTRO 75,RIGIPS,1093,1,M2,8,,1800,300,,12.5,,1,pełna paleta
229,PLANK QUATTRO 75,RIGIPS,1094,1,M2,8,,2400,300,,12.5,,1,pełna paleta
230,PLANK BASE 33,RIGIPS,1095,1,M2,8,,1800,300,,12.5,,1,pełna paleta
230,PLANK BASE 33,RIGIPS,1096,1,M2,8,,2400,300,,12.5,,1,pełna paleta
257,CW 50 ULTRASTIL®,RIGIPS,1133,1,M,0.73,,2600,,,,,192,szt
257,CW 50 ULTRASTIL®,RIGIPS,1134,1,M,0.73,,3000,,,,,192,szt
257,CW 50 ULTRASTIL®,RIGIPS,1135,1,M,0.73,,3500,,,,,192,szt
257,CW 50 ULTRASTIL®,RIGIPS,1136,1,M,0.73,,4000,,,,,192,szt
257,CW 50 ULTRASTIL®,RIGIPS,1137,1,M,0.73,,4500,,,,,192,szt
257,CW 50 ULTRASTIL®,RIGIPS,1138,1,M,0.73,,2600,,,,,192,szt
257,CW 50 ULTRASTIL®,RIGIPS,1139,1,M,0.73,,3000,,,,,192,szt
257,CW 50 ULTRASTIL®,RIGIPS,1140,1,M,0.73,,3500,,,,,192,szt
257,CW 50 ULTRASTIL®,RIGIPS,1141,1,M,0.73,,4000,,,,,192,szt
257,CW 50 ULTRASTIL®,RIGIPS,1142,1,M,0.73,,4500,,,,,192,szt
258,CW 75 ULTRASTIL®,RIGIPS,1143,1,M,0.84,,2600,,,,,192,szt
258,CW 75 ULTRASTIL®,RIGIPS,1144,1,M,0.84,,3000,,,,,192,szt
258,CW 75 ULTRASTIL®,RIGIPS,1145,1,M,0.84,,3500,,,,,192,szt
258,CW 75 ULTRASTIL®,RIGIPS,1146,1,M,0.84,,4000,,,,,192,szt
258,CW 75 ULTRASTIL®,RIGIPS,1147,1,M,0.84,,4500,,,,,192,szt
258,CW 75 ULTRASTIL®,RIGIPS,1148,1,M,0.84,,5000,,,,,192,szt
258,CW 75 ULTRASTIL®,RIGIPS,1149,1,M,0.84,,5500,,,,,192,szt
258,CW 75 ULTRASTIL®,RIGIPS,1150,1,M,0.84,,6000,,,,,192,szt
258,CW 75 ULTRASTIL®,RIGIPS,1151,1,M,0.84,,2600,,,,,192,szt
258,CW 75 ULTRASTIL®,RIGIPS,1152,1,M,0.84,,3000,,,,,192,szt
258,CW 75 ULTRASTIL®,RIGIPS,1153,1,M,0.84,,3500,,,,,192,szt
258,CW 75 ULTRASTIL®,RIGIPS,1154,1,M,0.84,,4000,,,,,192,szt
258,CW 75 ULTRASTIL®,RIGIPS,1155,1,M,0.84,,4500,,,,,192,szt
258,CW 75 ULTRASTIL®,RIGIPS,1156,1,M,0.84,,5000,,,,,192,szt
258,CW 75 ULTRASTIL®,RIGIPS,1157,1,M,0.84,,5500,,,,,192,szt
258,CW 75 ULTRASTIL®,RIGIPS,1158,1,M,0.84,,6000,,,,,192,szt
259,CW 100 ULTRASTIL®,RIGIPS,1159,1,M,0.96,,2600,,,,,192,szt
259,CW 100 ULTRASTIL®,RIGIPS,1160,1,M,0.96,,3000,,,,,192,szt
259,CW 100 ULTRASTIL®,RIGIPS,1161,1,M,0.96,,3500,,,,,192,szt
259,CW 100 ULTRASTIL®,RIGIPS,1162,1,M,0.96,,4000,,,,,192,szt
259,CW 100 ULTRASTIL®,RIGIPS,1163,1,M,0.96,,4500,,,,,192,szt
259,CW 100 ULTRASTIL®,RIGIPS,1164,1,M,0.96,,5000,,,,,192,szt
259,CW 100 ULTRASTIL®,RIGIPS,1165,1,M,0.96,,5500,,,,,192,szt
259,CW 100 ULTRASTIL®,RIGIPS,1166,1,M,0.96,,6000,,,,,192,szt
259,CW 100 ULTRASTIL®,RIGIPS,1167,1,M,0.96,,6500,,,,,192,szt
259,CW 100 ULTRASTIL®,RIGIPS,1168,1,M,0.96,,2600,,,,,192,szt
259,CW 100 ULTRASTIL®,RIGIPS,1169,1,M,0.96,,3000,,,,,192,szt
259,CW 100 ULTRASTIL®,RIGIPS,1170,1,M,0.96,,3500,,,,,192,szt
259,CW 100 ULTRASTIL®,RIGIPS,1171,1,M,0.96,,4000,,,,,192,szt
259,CW 100 ULTRASTIL®,RIGIPS,1172,1,M,0.96,,4500,,,,,192,szt
259,CW 100 ULTRASTIL®,RIGIPS,1173,1,M,0.96,,5000,,,,,192,szt
259,CW 100 ULTRASTIL®,RIGIPS,1174,1,M,0.96,,5500,,,,,192,szt
259,CW 100 ULTRASTIL®,RIGIPS,1175,1,M,0.96,,6000,,,,,192,szt
259,CW 100 ULTRASTIL®,RIGIPS,1176,1,M,0.96,,6500,,,,,192,szt
260,UW 50 ULTRASTIL®,RIGIPS,1177,1,M,0.55,,3000,,,,,192,szt
260,UW 50 ULTRASTIL®,RIGIPS,1178,1,M,0.55,,3000,,,,,192,szt
260,UW 50 ULTRASTIL®,RIGIPS,1179,1,M,0.55,,4000,,,,,192,szt
260,UW 50 ULTRASTIL®,RIGIPS,1180,1,M,0.55,,3000,,,,,192,szt
260,UW 50 ULTRASTIL®,RIGIPS,1181,1,M,0.55,,3000,,,,,192,szt
260,UW 50 ULTRASTIL®,RIGIPS,1182,1,M,0.55,,4000,,,,,192,szt
261,UW 75 ULTRASTIL®,RIGIPS,1183,1,M,0.66,,3000,,,,,192,szt
261,UW 75 ULTRASTIL®,RIGIPS,1184,1,M,0.66,,3000,,,,,192,szt
261,UW 75 ULTRASTIL®,RIGIPS,1185,1,M,0.66,,4000,,,,,192,szt
261,UW 75 ULTRASTIL®,RIGIPS,1186,1,M,0.66,,3000,,,,,192,szt
261,UW 75 ULTRASTIL®,RIGIPS,1187,1,M,0.66,,3000,,,,,192,szt
261,UW 75 ULTRASTIL®,RIGIPS,1188,1,M,0.66,,4000,,,,,192,szt
262,UW 100 ULTRASTIL®,RIGIPS,1189,1,M,0.77,,3000,,,,,192,szt
262,UW 100 ULTRASTIL®,RIGIPS,1190,1,M,0.77,,3000,,,,,192,szt
262,UW 100 ULTRASTIL®,RIGIPS,1191,1,M,0.77,,4000,,,,,192,szt
262,UW 100 ULTRASTIL®,RIGIPS,1192,1,M,0.77,,3000,,,,,192,szt
262,UW 100 ULTRASTIL®,RIGIPS,1193,1,M,0.77,,3000,,,,,192,szt
262,UW 100 ULTRASTIL®,RIGIPS,1194,1,M,0.77,,4000,,,,,192,szt
263,CD 60 ULTRASTIL®,RIGIPS,1195,1,M,0.52,,2600,,,,,216,szt
263,CD 60 ULTRASTIL®,RIGIPS,1196,1,M,0.52,,3000,,,,,216,szt
263,CD 60 ULTRASTIL®,RIGIPS,1197,1,M,0.52,,4000,,,,,216,szt
263,CD 60 ULTRASTIL®,RIGIPS,1198,1,M,0.52,,4000,,,,,216,szt
263,CD 60 ULTRASTIL®,RIGIPS,1199,1,M,0.52,,2600,,,,,216,szt
263,CD 60 ULTRASTIL®,RIGIPS,1200,1,M,0.52,,3000,,,,,216,szt
263,CD 60 ULTRASTIL®,RIGIPS,1201,1,M,0.52,,4000,,,,,216,szt
263,CD 60 ULTRASTIL®,RIGIPS,1202,1,M,0.52,,4000,,,,,216,szt
264,UD 30 ULTRASTIL® ,RIGIPS,1203,1,M,0.35,,3000,,,,,192,szt
264,UD 30 ULTRASTIL® ,RIGIPS,1204,1,M,0.35,,4000,,,,,192,szt
264,UD 30 ULTRASTIL® ,RIGIPS,1205,1,M,0.35,,4000,,,,,192,szt
264,UD 30 ULTRASTIL® ,RIGIPS,1206,1,M,0.35,,3000,,,,,192,szt
264,UD 30 ULTRASTIL® ,RIGIPS,1207,1,M,0.35,,4000,,,,,192,szt
264,UD 30 ULTRASTIL® ,RIGIPS,1208,1,M,0.35,,4000,,,,,192,szt
265,C RIGISTIL,RIGIPS,1209,1,M,0.37,,3600,,,,,100,szt
265,C RIGISTIL,RIGIPS,1210,1,M,0.37,,4000,,,,,100,szt
265,C RIGISTIL,RIGIPS,1211,1,M,0.37,,3600,,,,,100,szt
265,C RIGISTIL,RIGIPS,1212,1,M,0.37,,4000,,,,,100,szt
266,U RIGISTIL,RIGIPS,1213,1,M,0.27,,3600,,,,,100,szt
266,U RIGISTIL,RIGIPS,1214,1,M,0.27,,4000,,,,,100,szt
266,U RIGISTIL,RIGIPS,1215,1,M,0.27,,3600,,,,,100,szt
266,U RIGISTIL,RIGIPS,1216,1,M,0.27,,4000,,,,,100,szt
267,CW 50 ULTRASTIL® Hydroprofil,RIGIPS,1217,1,M,0.73,,4000,,,,,192,szt
267,CW 50 ULTRASTIL® Hydroprofil,RIGIPS,1218,1,M,0.73,,4000,,,,,192,szt
268,CW 75 ULTRASTIL® Hydroprofil,RIGIPS,1219,1,M,0.84,,4000,,,,,144,szt
268,CW 75 ULTRASTIL® Hydroprofil,RIGIPS,1220,1,M,0.84,,4000,,,,,144,szt
269,CW 100 ULTRASTIL® Hydroprofil,RIGIPS,1221,1,M,0.96,,4000,,,,,72,szt
269,CW 100 ULTRASTIL® Hydroprofil,RIGIPS,1222,1,M,0.96,,4000,,,,,72,szt
270,UW 50 ULTRASTIL® Hydroprofil,RIGIPS,1223,1,M,0.55,,4000,,,,,192,szt
270,UW 50 ULTRASTIL® Hydroprofil,RIGIPS,1224,1,M,0.55,,4000,,,,,192,szt
271,UW 75 ULTRASTIL® Hydroprofil,RIGIPS,1225,1,M,0.66,,4000,,,,,144,szt
271,UW 75 ULTRASTIL® Hydroprofil,RIGIPS,1226,1,M,0.66,,4000,,,,,144,szt
272,UW 100 ULTRASTIL® Hydroprofil,RIGIPS,1227,1,M,0.77,,4000,,,,,72,szt
272,UW 100 ULTRASTIL® Hydroprofil,RIGIPS,1228,1,M,0.77,,4000,,,,,72,szt
273,CD 60 ULTRASTIL® Hydroprofil,RIGIPS,1229,1,M,0.52,,4000,,,,,54,szt
273,CD 60 ULTRASTIL® Hydroprofil,RIGIPS,1230,1,M,0.52,,4000,,,,,54,szt
274,UD 30 ULTRASTIL® Hydroprofil,RIGIPS,1231,1,M,0.35,,4000,,,,,48,szt
274,UD 30 ULTRASTIL® Hydroprofil,RIGIPS,1232,1,M,0.35,,4000,,,,,48,szt
275,CW 75 ULTRASTIL® AKU,RIGIPS,1233,1,M,0.83,,3000,,,,,90,szt
275,CW 75 ULTRASTIL® AKU,RIGIPS,1234,1,M,0.83,,3500,,,,,90,szt
275,CW 75 ULTRASTIL® AKU,RIGIPS,1235,1,M,0.83,,4000,,,,,90,szt
275,CW 75 ULTRASTIL® AKU,RIGIPS,1236,1,M,0.83,,3000,,,,,90,szt
275,CW 75 ULTRASTIL® AKU,RIGIPS,1237,1,M,0.83,,3500,,,,,90,szt
275,CW 75 ULTRASTIL® AKU,RIGIPS,1238,1,M,0.83,,4000,,,,,90,szt
276,CW 100 ULTRASTIL® AKU,RIGIPS,1239,1,M,0.93,,3000,,,,,72,szt
276,CW 100 ULTRASTIL® AKU,RIGIPS,1240,1,M,0.93,,3500,,,,,72,szt
276,CW 100 ULTRASTIL® AKU,RIGIPS,1241,1,M,0.93,,4000,,,,,72,szt
276,CW 100 ULTRASTIL® AKU,RIGIPS,1242,1,M,0.93,,3000,,,,,72,szt
276,CW 100 ULTRASTIL® AKU,RIGIPS,1243,1,M,0.93,,3500,,,,,72,szt
276,CW 100 ULTRASTIL® AKU,RIGIPS,1244,1,M,0.93,,4000,,,,,72,szt
277,UA 50,RIGIPS,1245,1,M,1.88,,3000,,,,,24,szt
277,UA 50,RIGIPS,1246,1,M,1.88,,3500,,,,,24,szt
277,UA 50,RIGIPS,1247,1,M,1.88,,4000,,,,,24,szt
277,UA 50,RIGIPS,1248,1,M,1.88,,4500,,,,,24,szt
277,UA 50,RIGIPS,1249,1,M,1.88,,3000,,,,,24,szt
277,UA 50,RIGIPS,1250,1,M,1.88,,3500,,,,,24,szt
277,UA 50,RIGIPS,1251,1,M,1.88,,4000,,,,,24,szt
277,UA 50,RIGIPS,1252,1,M,1.88,,4500,,,,,24,szt
277,UA 50,RIGIPS,1281,1,M,1.88,,3000,,,,,24,szt
277,UA 50,RIGIPS,1282,1,M,1.88,,4000,,,,,24,szt
277,UA 50,RIGIPS,1283,1,M,1.88,,3000,,,,,24,szt
277,UA 50,RIGIPS,1284,1,M,1.88,,4000,,,,,24,szt
278,UA 75,RIGIPS,1253,1,M,2.25,,3000,,,,,24,szt
278,UA 75,RIGIPS,1254,1,M,2.25,,3500,,,,,24,szt
278,UA 75,RIGIPS,1255,1,M,2.25,,4000,,,,,24,szt
278,UA 75,RIGIPS,1256,1,M,2.25,,4500,,,,,24,szt
278,UA 75,RIGIPS,1257,1,M,2.25,,5000,,,,,24,szt
278,UA 75,RIGIPS,1258,1,M,2.25,,5500,,,,,24,szt
278,UA 75,RIGIPS,1259,1,M,2.25,,6000,,,,,24,szt
278,UA 75,RIGIPS,1260,1,M,2.25,,3000,,,,,24,szt
278,UA 75,RIGIPS,1261,1,M,2.25,,3500,,,,,24,szt
278,UA 75,RIGIPS,1262,1,M,2.25,,4000,,,,,24,szt
278,UA 75,RIGIPS,1263,1,M,2.25,,4500,,,,,24,szt
278,UA 75,RIGIPS,1264,1,M,2.25,,5000,,,,,24,szt
278,UA 75,RIGIPS,1265,1,M,2.25,,5500,,,,,24,szt
278,UA 75,RIGIPS,1266,1,M,2.25,,6000,,,,,24,szt
278,UA 75,RIGIPS,1285,1,M,2.25,,3000,,,,,24,szt
278,UA 75,RIGIPS,1286,1,M,2.25,,4000,,,,,24,szt
278,UA 75,RIGIPS,1287,1,M,2.25,,3000,,,,,24,szt
278,UA 75,RIGIPS,1288,1,M,2.25,,4000,,,,,24,szt
279,UA 100,RIGIPS,1267,1,M,2.6,,3000,,,,,24,szt
279,UA 100,RIGIPS,1268,1,M,2.6,,3500,,,,,24,szt
279,UA 100,RIGIPS,1269,1,M,2.6,,4000,,,,,24,szt
279,UA 100,RIGIPS,1270,1,M,2.6,,4500,,,,,24,szt
279,UA 100,RIGIPS,1271,1,M,2.6,,5000,,,,,24,szt
279,UA 100,RIGIPS,1272,1,M,2.6,,5500,,,,,24,szt
279,UA 100,RIGIPS,1273,1,M,2.6,,6000,,,,,24,szt
279,UA 100,RIGIPS,1274,1,M,2.6,,3000,,,,,24,szt
279,UA 100,RIGIPS,1275,1,M,2.6,,3500,,,,,24,szt
279,UA 100,RIGIPS,1276,1,M,2.6,,4000,,,,,24,szt
279,UA 100,RIGIPS,1277,1,M,2.6,,4500,,,,,24,szt
279,UA 100,RIGIPS,1278,1,M,2.6,,5000,,,,,24,szt
279,UA 100,RIGIPS,1279,1,M,2.6,,5500,,,,,24,szt
279,UA 100,RIGIPS,1280,1,M,2.6,,6000,,,,,24,szt
279,UA 100,RIGIPS,1289,1,M,2.6,,3000,,,,,24,szt
279,UA 100,RIGIPS,1290,1,M,2.6,,4000,,,,,24,szt
279,UA 100,RIGIPS,1291,1,M,2.6,,3000,,,,,24,szt
279,UA 100,RIGIPS,1292,1,M,2.6,,4000,,,,,24,szt
280,Profil CD 60 specjalny C5M,RIGIPS,1293,1,M,0.52,,4000,,,,,48,szt
280,Profil CD 60 specjalny C5M,RIGIPS,1294,1,M,0.52,,4000,,,,,48,szt
281,Profil specjalny UD 30 C5M,RIGIPS,1295,1,M,0.35,,4000,,,,,48,szt
281,Profil specjalny UD 30 C5M,RIGIPS,1296,1,M,0.35,,4000,,,,,48,szt
282,Profil UW 50 nadcięty (do Riflex),RIGIPS,1297,1,M,0.55,,4000,,,,,192,szt
282,Profil UW 50 nadcięty (do Riflex),RIGIPS,1298,1,M,0.55,,4000,,,,,192,szt
283,Profil kapeluszowy,RIGIPS,1299,1,M,0.5,,4000,,,,,200,szt
283,Profil kapeluszowy,RIGIPS,1300,1,M,0.5,,4000,,,,,200,szt
284,Kątownik ściany szybu,RIGIPS,1301,1,M,0.47,,2000,,,,,1,paczka
284,Kątownik ściany szybu,RIGIPS,1302,1,M,0.63,,2000,,,,,1,paczka
285,Kątownik specjalny do sufitów przęsłowych,RIGIPS,1303,1,M,2.03,,2000,,,,,1,paczka
286,Profil specjalny UW,RIGIPS,1304,1,M,1.65,,2000,50,80,,,1,paczka
286,Profil specjalny UW,RIGIPS,1305,1,M,1.84,,2000,75,80,,,1,paczka
286,Profil specjalny UW,RIGIPS,1306,1,M,2.16,,2000,75,100,,,1,paczka
286,Profil specjalny UW,RIGIPS,1307,1,M,2.04,,2000,100,80,,,1,paczka
286,Profil specjalny UW,RIGIPS,1308,1,M,2.36,,2000,100,100,,,1,paczka
286,Profil specjalny UW,RIGIPS,1309,1,M,2.67,,2000,100,120,,,1,paczka
286,Profil specjalny UW,RIGIPS,1310,1,M,2.98,,2000,100,140,,,1,paczka
286,Profil specjalny UW,RIGIPS,1311,1,M,3.61,,2000,100,180,,,1,paczka
287,Profil CD 60 gięty KONKAV,RIGIPS,1312,1,M,0.52,,4000,,,,,1,paczka
287,Profil CD 60 gięty KONKAV,RIGIPS,1313,1,M,0.52,,4000,,,,,1,paczka
288,Profil nośny T24,RIGIPS,1314,1,M,0.35,,3600,,,,,1,paczka
288,Profil nośny T24,RIGIPS,1321,1,M,0.35,,3600,,,,,1,paczka
288,Profil nośny T24,RIGIPS,1325,1,M,0.35,,3600,,,,,1,paczka
289,Profil poprzeczny T24/32,RIGIPS,1315,1,M,0.3,,1200,,,,,1,paczka
289,Profil poprzeczny T24/32,RIGIPS,1316,1,M,0.3,,600,,,,,1,paczka
290,Profil poprzeczny T24/38,RIGIPS,1317,1,M,0.3,,1200,,,,,1,paczka
290,Profil poprzeczny T24/38,RIGIPS,1318,1,M,0.3,,600,,,,,1,paczka
290,Profil poprzeczny T24/38,RIGIPS,1322,1,M,0.3,,1200,,,,,1,paczka
290,Profil poprzeczny T24/38,RIGIPS,1323,1,M,0.3,,600,,,,,1,paczka
290,Profil poprzeczny T24/38,RIGIPS,1326,1,M,0.3,,1200,,,,,1,paczka
290,Profil poprzeczny T24/38,RIGIPS,1327,1,M,0.3,,600,,,,,1,paczka
291,Profil nośny T24 antykorozyjny ,RIGIPS,1319,1,M,0.5,,3600,,,,,1,paczka
292,Profil poprzeczny T24/38 antykorozyjny,RIGIPS,1320,1,M,0.45,,1200,,,,,1,paczka
293,Profil kątowy,RIGIPS,1324,1,M,0.2,,3000,,,,,1,paczka
293,Profil kątowy,RIGIPS,1328,1,M,0.2,,3000,,,,,1,paczka
294,Profil nośny T15,RIGIPS,1329,1,M,0.35,,3000,,,,,1,paczka
294,Profil nośny T15,RIGIPS,1330,1,M,0.3,,1200,,,,,1,paczka
294,Profil nośny T15,RIGIPS,1331,1,M,0.3,,600,,,,,1,paczka
295,Łącznik krzyżowy do profili CD 60 - konstr. 2-poz.,RIGIPS,1332,1,szt,0.05,,,,,,,1,paczka
296,Łącznik krzyżowy płaski do profili CD 60 - konstr. 2-poz.,RIGIPS,1333,1,szt,0.06,,,,,,,1,paczka
297,Łącznik poprzeczny do profili CD 60 - konstr. 1-poz.,RIGIPS,1334,1,szt,0.06,,,,,,,1,paczka
298,Łącznik wzdłużny do profili CD 60,RIGIPS,1335,1,szt,0.06,,,,,,,1,paczka
299,Wieszak bezpośredni „Klick-Fix” do profili CD 60,RIGIPS,1336,1,szt,0.03,,,,,,,1,paczka
300,Wieszak obrotowy z elementem rozprężnym do profili CD 60,RIGIPS,1337,1,szt,0.05,,,,,,,1,paczka
301,Pręt wieszakowy,RIGIPS,1338,1,szt,0.01,,125,,,,,1,paczka
301,Pręt wieszakowy,RIGIPS,1339,1,szt,0.03,,250,,,,,1,paczka
301,Pręt wieszakowy,RIGIPS,1340,1,szt,0.05,,500,,,,,1,paczka
301,Pręt wieszakowy,RIGIPS,1341,1,szt,0.08,,750,,,,,1,paczka
301,Pręt wieszakowy,RIGIPS,1342,1,szt,0.1,,1000,,,,,1,paczka
301,Pręt wieszakowy,RIGIPS,1343,1,szt,0.13,,1250,,,,,1,paczka
301,Pręt wieszakowy,RIGIPS,1344,1,szt,0.15,,1500,,,,,1,paczka
301,Pręt wieszakowy,RIGIPS,1345,1,szt,0.18,,1750,,,,,1,paczka
301,Pręt wieszakowy,RIGIPS,1346,1,szt,0.2,,2000,,,,,1,paczka
302,Uchwyt do profili CD 60,RIGIPS,1347,1,szt,0.04,,75,,,,,1,paczka
302,Uchwyt do profili CD 60,RIGIPS,1348,1,szt,0.06,,125,,,,,1,paczka
303,Uchwyt prosty do profili CD 60,RIGIPS,1349,1,szt,0.05,,75,,,,,1,paczka
303,Uchwyt prosty do profili CD 60,RIGIPS,1350,1,szt,0.06,,125,,,,,1,paczka
303,Uchwyt prosty do profili CD 60,RIGIPS,1351,1,szt,0.1,,200,,,,,1,paczka
303,Uchwyt prosty do profili CD 60,RIGIPS,1352,1,szt,0.12,,250,,,,,1,paczka
303,Uchwyt prosty do profili CD 60,RIGIPS,1353,1,szt,0.15,,300,,,,,1,paczka
304,Uchwyt elastyczny do profili CD 60,RIGIPS,1354,1,szt,0.04,,30,,,,,1,paczka
304,Uchwyt elastyczny do profili CD 60,RIGIPS,1355,1,szt,0.04,,45,,,,,1,paczka
304,Uchwyt elastyczny do profili CD 60,RIGIPS,1356,1,szt,0.05,,60,,,,,1,paczka
304,Uchwyt elastyczny do profili CD 60,RIGIPS,1357,1,szt,0.07,,90,,,,,1,paczka
305,Wieszak do poddaszy,RIGIPS,1358,1,szt,0.05,,180,,,,,1,paczka
305,Wieszak do poddaszy,RIGIPS,1359,1,szt,0.07,,250,,,,,1,paczka
306,Wieszak do sufitów,RIGIPS,1360,1,szt,0.09,,300,,,,,1,paczka
306,Wieszak do sufitów,RIGIPS,1361,1,szt,0.1,,350,,,,,1,paczka
306,Wieszak do sufitów,RIGIPS,1362,1,szt,0.11,,400,,,,,1,paczka
306,Wieszak do sufitów,RIGIPS,1363,1,szt,0.16,,500,,,,,1,paczka
307,Klips do belek stalowych ,RIGIPS,1364,1,szt,0.04,,,,,,,1,paczka
308,Wieszak do profili C RIGISTIL,RIGIPS,1365,1,szt,0.04,,170,,,,,1,paczka
308,Wieszak do profili C RIGISTIL,RIGIPS,1366,1,szt,0.06,,300,,,,,1,paczka
309,Wieszak kotwowy RIGISTIL do profili C Rigistil,RIGIPS,1367,1,szt,0.04,,,,,,,1,paczka
310,Wieszak kotwowy RIGISTIL z noniuszem do profili C Rigistil,RIGIPS,1368,1,szt,0.05,,,,,,,1,paczka
311,Uchwyt bezpośredni GL 9 do profili C RIGISTIL,RIGIPS,1369,1,szt,0.06,,125,,,,,1,paczka
311,Uchwyt bezpośredni GL 9 do profili C RIGISTIL,RIGIPS,1370,1,szt,0.04,,75,,,,,1,paczka
312,Łącznik krzyżowy RIGISTIL,RIGIPS,1371,1,szt,0.03,,,,,,,1,paczka
313,Łącznik wzdłużny GL 3 do profili C RIGISTIL,RIGIPS,1372,1,szt,0.03,,,,,,,1,paczka
314,Kątownik mocujący do profili ościeżnicowych,RIGIPS,1373,1,szt,0.1,,,,,,,1,paczka
314,Kątownik mocujący do profili ościeżnicowych,RIGIPS,1377,1,szt,0.2,,,,,,,1,paczka
315,Kątownik mocujący do profili ościeżnicowych UA 75 ,RIGIPS,1374,1,szt,0.17,,,,,,,1,paczka
316,Kątownik mocujący do profili ościeżnicowych UA 100 ,RIGIPS,1375,1,szt,0.26,,,,,,,1,paczka
317,Śruba M8 do profila UA z podkładką i nakrętką ,RIGIPS,1376,1,szt,0.02,,,,,,,1,paczka
318,Kątownik mocujący do profili ościeżnicowych UA 75 do stropów z ugięciem do 6 cm ,RIGIPS,1378,1,szt,0.31,,,,,,,1,paczka
319,Kątownik mocujący do profili ościeżnicowych UA 100 do stropów z ugięciem do 6 cm ,RIGIPS,1379,1,szt,0.43,,,,,,,1,paczka
320,Katownik mocujący do sufitów przęsłowych,RIGIPS,1380,1,szt,0.25,,,,,,,1,paczka
321,Katownik mocujący do sufitów przęsłowych do belek stalowych,RIGIPS,1381,1,szt,0.15,,,,,,,1,paczka
323,Śruba mocująca M5x16,RIGIPS,1383,1,szt,0.02,,,,,,,1,paczka
324,Łącznik krzyżowy do profili UA 50/ CD 60,RIGIPS,1384,1,szt,0.07,,,,,1,,1,paczka
325,Wieszak noniuszowy dolny do profila UA50,RIGIPS,1385,1,szt,0.05,,,15,,,,1,paczka
326,Łącznik akustyczny GAB3 ,RIGIPS,1386,1,szt,0.2,,,,,,,1,paczka
327,Uchwyt ES 60/125 akustyczny ,RIGIPS,1387,1,szt,0.08,,,,,,,1,paczka
328,Wieszak akustyczny 70,RIGIPS,1388,1,szt,0.05,,,,,,,1,paczka
329,Łącznik akustyczny do ścian 2xCW,RIGIPS,1389,1,szt,0.16,,105,,,,,1,paczka
330,Łącznik krzyżowy Hydroprofil do profila CD 60 – konstr. 2-poz.,RIGIPS,1390,1,szt,0.05,,,,,,,1,paczka
331,Łącznik poprzeczny Hydroprofil do profili CD 60 - konst. 1-poz.,RIGIPS,1391,1,szt,0.05,,,,,,,1,paczka
332,Łącznik wzdłużny Hydroprofil do profili CD 60,RIGIPS,1392,1,szt,0.06,,,,,,,1,paczka
333,Uchwyt prosty ES 60/75 Hydroprofil do profili CD 60,RIGIPS,1393,1,szt,0.05,,75,,,,,1,paczka
334,Uchwyt prosty ES 60/125 Hydroprofil do profili CD 60,RIGIPS,1394,1,szt,0.06,,125,,,,,1,paczka
335,Wieszak obrotowy noniusz Hydroprofil do profili CD 60,RIGIPS,1395,1,szt,0.06,,,15,,,,1,paczka
336,Część górna wieszaka noniuszowego Hydroprofil,RIGIPS,1396,1,szt,0.05,,290,,,,,1,paczka
336,Część górna wieszaka noniuszowego Hydroprofil,RIGIPS,1397,1,szt,0.09,,490,12,,,,1,paczka
337,Łącznik noniuszowy Hydroprofil,RIGIPS,1398,1,szt,0.02,,90,12,,,,1,paczka
338,Przedłużka noniusza Hydroprofil,RIGIPS,1399,1,szt,0.6,,3000,15,,,,1,paczka
339,Klamra zabezpieczająca do noniusza Hydroprofil (zawleczka) ,RIGIPS,1400,1,szt,0.01,,,,,,,1,paczka
340,Łącznik krzyżowy C5M do profila CD 60 specjalnego C5M konstr. 2-poz,RIGIPS,1401,1,szt,0.05,,,,,,,1,paczka
341,Łącznik wzdłużny C5M do profila CD 60 specjalnego C5M,RIGIPS,1402,1,szt,0.06,,,,,,,1,paczka
342,Uchwyt do profili CD 60 specjalnych C5M,RIGIPS,1403,1,szt,0.04,,65,,,,,1,paczka
342,Uchwyt do profili CD 60 specjalnych C5M,RIGIPS,1404,1,szt,0.12,,125,,,,,1,paczka
343,Wieszak kotwowy noniusz C5M do profili CD60 specjalnych C5M,RIGIPS,1405,1,szt,0.05,,,15,,,,1,paczka
344,Część górna wieszaka noniuszowego C5M,RIGIPS,1406,1,szt,0.05,,290,12,,,,1,paczka
344,Część górna wieszaka noniuszowego C5M,RIGIPS,1407,1,szt,0.09,,490,12,,,,1,paczka
344,Część górna wieszaka noniuszowego C5M,RIGIPS,1408,1,szt,0.17,,990,12,,,,1,paczka
344,Część górna wieszaka noniuszowego C5M,RIGIPS,1409,1,szt,0.25,,1490,12,,,,1,paczka
345,Klamra zabezpieczająca do noniusza C5M (zawleczka ze stali nierdzewnej),RIGIPS,1410,1,szt,0.01,,,,,,,1,paczka
346,Wieszak antykorozyjny z noniuszem do profili nośnych Quick-Lock ,RIGIPS,1411,1,szt,0.05,,,,,,,1,paczka
346,Wieszak antykorozyjny z noniuszem do profili nośnych Quick-Lock ,RIGIPS,1412,1,szt,0.05,,,,,,,1,paczka
347,Wieszak z elementem rozprężnym do profili nośnych QUICK-LOCK®,RIGIPS,1413,1,szt,0.04,,110,,,,,1,paczka
348,Wieszak z noniuszem do profili nośnych QUICK-LOCK®,RIGIPS,1414,1,szt,0.04,,,15,,,,1,paczka
349,Sprężyna wieszakowa podwójna ,RIGIPS,1415,1,szt,0.01,,,,,,,1,paczka
350,Wieszak bezpośredni ,RIGIPS,1416,1,szt,0.3,,,,,,,1,paczka
350,Wieszak bezpośredni ,RIGIPS,1417,1,szt,0.3,,,,,,,1,paczka
350,Wieszak bezpośredni ,RIGIPS,1418,1,szt,0.3,,,,,,,1,paczka
350,Wieszak bezpośredni ,RIGIPS,1419,1,szt,0.3,,,,,,,1,paczka
351,Sprężyna przyścienna ,RIGIPS,1420,1,szt,0.01,,,,,,,1,paczka
352,Sprężynka dociskowa do płyt sufitowych ,RIGIPS,1421,1,szt,0.01,,,,,,,1,paczka
353,Łącznik poprzeczny CROSS-LOCK GS ,RIGIPS,1422,1,szt,0.03,,,,,,,1,paczka
354,Nakładka łącznik poprzeczny do profili T ,RIGIPS,1423,1,szt,0.02,,,,,,,1,paczka
355,Pręt wieszakowy z hakiem,RIGIPS,1424,1,szt,0.01,,125,,,,,1,paczka
355,Pręt wieszakowy z hakiem,RIGIPS,1425,1,szt,0.03,,250,,,,,1,paczka
355,Pręt wieszakowy z hakiem,RIGIPS,1426,1,szt,0.05,,500,,,,,1,paczka
356,Nakładka maskująca kątownik ,RIGIPS,1427,1,szt,0.01,,,,,,,1,paczka
356,Nakładka maskująca kątownik ,RIGIPS,1428,1,szt,0.01,,,,,,,1,paczka
357,Wkręty TN,RIGIPS,1429,1,paczka,1.43,3.5,25,,,,,12,paczka
357,Wkręty TN,RIGIPS,1430,1,paczka,1.72,3.5,25,,,,,10,paczka
357,Wkręty TN,RIGIPS,1431,1,paczka,1.86,3.5,35,,,,,12,paczka
357,Wkręty TN,RIGIPS,1432,1,paczka,2.23,3.5,35,,,,,10,paczka
357,Wkręty TN,RIGIPS,1433,1,paczka,1.17,3.5,45,,,,,12,paczka
357,Wkręty TN,RIGIPS,1434,1,paczka,1.39,3.5,55,,,,,12,paczka
357,Wkręty TN,RIGIPS,1435,1,paczka,1.22,3.5,70,,,,,12,paczka
357,Wkręty TN,RIGIPS,1471,1,BST,0.31,3.5,25,,,,,1,paczka
357,Wkręty TN,RIGIPS,1472,1,BST,0.38,3.5,35,,,,,1,paczka
357,Wkręty TN,RIGIPS,1473,1,BST,0.25,3.5,45,,,,,1,paczka
358,Wkręty TD,RIGIPS,1436,1,paczka,1.4,3.5,25,,,,,1,paczka
358,Wkręty TD,RIGIPS,1437,1,paczka,1.78,3.5,35,,,,,1,paczka
358,Wkręty TD,RIGIPS,1438,1,paczka,1.15,3.5,45,,,,,1,paczka
358,Wkręty TD,RIGIPS,1439,1,paczka,1.35,3.5,55,,,,,1,paczka
358,Wkręty TD,RIGIPS,1440,1,paczka,1.18,3.5,70,,,,,1,paczka
358,Wkręty TD,RIGIPS,1474,1,BST,0.31,3.5,25,,,,,1,paczka
358,Wkręty TD,RIGIPS,1475,1,BST,0.38,3.5,35,,,,,1,paczka
358,Wkręty TD,RIGIPS,1476,1,BST,0.13,3.5,45,,,,,1,paczka
358,Wkręty TD,RIGIPS,1477,1,BST,0.28,3.5,55,,,,,1,paczka
359,Wkręty TB  ,RIGIPS,1441,1,paczka,1.56,3.5,25,,,,,1,paczka
359,Wkręty TB  ,RIGIPS,1442,1,paczka,2.02,3.5,35,,,,,1,paczka
359,Wkręty TB  ,RIGIPS,1443,1,paczka,1.28,3.5,45,,,,,1,paczka
359,Wkręty TB  ,RIGIPS,1444,1,paczka,0.7,3.5,55,,,,,1,paczka
359,Wkręty TB  ,RIGIPS,1478,1,BST,0.17,3.5,25,,,,,1,paczka
359,Wkręty TB  ,RIGIPS,1479,1,BST,0.22,3.5,35,,,,,1,paczka
360,Wkręty GLASROC F (Ridurit) ,RIGIPS,1445,1,paczka,2.6,3.5,40,,,,,1,paczka
360,Wkręty GLASROC F (Ridurit) ,RIGIPS,1446,1,paczka,3.1,3.5,50,,,,,1,paczka
360,Wkręty GLASROC F (Ridurit) ,RIGIPS,1447,1,paczka,3.2,3.5,58,,,,,1,paczka
360,Wkręty GLASROC F (Ridurit) ,RIGIPS,1448,1,paczka,2.34,3.5,70,,,,,1,paczka
361,Wkręty Rigidur,RIGIPS,1449,1,paczka,1.8,3.9,19,,,,,1,paczka
361,Wkręty Rigidur,RIGIPS,1450,1,paczka,1.9,3.9,22,,,,,1,paczka
361,Wkręty Rigidur,RIGIPS,1451,1,paczka,2,3.5,30,,,,,1,paczka
361,Wkręty Rigidur,RIGIPS,1452,1,paczka,2.15,3.5,40,,,,,1,paczka
361,Wkręty Rigidur,RIGIPS,1453,1,paczka,2.3,3.5,50,,,,,1,paczka
362,Wkręty „Pchełki”,RIGIPS,1454,1,paczka,1.3,3.9,11,,,,,1,paczka
362,Wkręty „Pchełki”,RIGIPS,1456,1,paczka,1.3,3.5,10,,,,,1,paczka
362,Wkręty „Pchełki”,RIGIPS,1480,1,BST,0.13,3.9,11,,,,,1,paczka
363,Wkręty „płyta – płyta”,RIGIPS,1455,1,paczka,2,5.5,38,,,,,1,paczka
365,Wkręty Aquaroc Interior HB ,RIGIPS,1457,1,paczka,1,3.5,25,,,,,1,paczka
365,Wkręty Aquaroc Interior HB ,RIGIPS,1458,1,paczka,2,3.5,41,,,,,1,paczka
366,Wkręty HartFix ,RIGIPS,1459,1,paczka,1.8,3.9,25,,,,,1,paczka
366,Wkręty HartFix ,RIGIPS,1460,1,paczka,2.2,3.9,35,,,,,1,paczka
367,Wkręty Habito,RIGIPS,1461,1,paczka,1.9,4.2,41,,,,,1,paczka
368,Wkręty RIGITONE,RIGIPS,1462,1,paczka,0.8,3.5,30,,,,,1,paczka
369,Kołek wbijany z kapturkiem ,RIGIPS,1463,1,paczka,0.92,6,40,,,,,1,paczka
369,Kołek wbijany z kapturkiem ,RIGIPS,1464,1,paczka,0.62,6,60,,,,,1,paczka
369,Kołek wbijany z kapturkiem ,RIGIPS,1481,1,BST,0.15,6,40,,,,,1,paczka
369,Kołek wbijany z kapturkiem ,RIGIPS,1482,1,BST,0.17,6,60,,,,,1,paczka
370,Kołek wbijany  ,RIGIPS,1465,1,paczka,0.7,6,80,,,,,1,paczka
370,Kołek wbijany  ,RIGIPS,1466,1,paczka,0.75,8,60,,,,,1,paczka
370,Kołek wbijany  ,RIGIPS,1467,1,paczka,0.79,8,80,,,,,1,paczka
370,Kołek wbijany  ,RIGIPS,1468,1,paczka,0.85,8,100,,,,,1,paczka
371,Dybel sufitowy stalowy,RIGIPS,1469,1,paczka,1.2,6,40,,,,,1,paczka
371,Dybel sufitowy stalowy,RIGIPS,1470,1,paczka,1.66,6,65,,,,,1,paczka
371,Dybel sufitowy stalowy,RIGIPS,1483,1,BST,0.15,6,40,,,,,1,paczka
374,Taśma uszczelniająca piankowa RIGIPS,RIGIPS,1484,1,szt,0.18,,30000,30,,3,,1,paczka
374,Taśma uszczelniająca piankowa RIGIPS,RIGIPS,1485,1,szt,0.22,,30000,50,,3,,1,paczka
374,Taśma uszczelniająca piankowa RIGIPS,RIGIPS,1486,1,szt,0.33,,30000,70,,3,,1,paczka
374,Taśma uszczelniająca piankowa RIGIPS,RIGIPS,1487,1,szt,0.41,,30000,95,,3,,1,paczka
375,FibaTape – siatka spoinowa samoprzylepna RIGIPS,RIGIPS,1488,1,szt,0.06,,20000,48,,,,1,paczka
375,FibaTape – siatka spoinowa samoprzylepna RIGIPS,RIGIPS,1489,1,szt,0.28,,90000,48,,,,1,paczka
376,FibaTape – siatka reperacyjna RIGIPS,RIGIPS,1490,1,szt,0.2,,20000,150,,,,1,paczka
377,Taśma spoinowa szklana RIGIPS,RIGIPS,1491,1,szt,0.04,,25000,50,,,,1,paczka
377,Taśma spoinowa szklana RIGIPS,RIGIPS,1492,1,szt,0.08,,50000,50,,,,1,paczka
378,Taśma spoinowa papierowa RIGIPS,RIGIPS,1493,1,szt,0.7,,75000,50,,,,1,paczka
379,Taśma samoprzylepna RIGIPS do spoin ślizgowych,RIGIPS,1494,1,szt,0.4,,60000,50,,,,1,paczka
380,Taśma spoinowa Aquaroc (odporna na związki alkaliczne) ,RIGIPS,1495,1,szt,0.06,,20000,48,,,,1,paczka
381,FibaTape – siatka spoinowa samoprzylepna RIGIPS Mold-X(Hydro) do płyt Glasroc H Ocean,RIGIPS,1496,1,szt,0.31,,90000,48,,,,1,paczka
382,Specjalna taśma narożnikowa NO-COAT® z rdzeniem z kopolimeru,RIGIPS,1497,1,szt,1.82,,30000,83,,,,1,paczka
383,Specjalna taśma narożnikowa AquaBead® z rdzeniem z kopolimeru,RIGIPS,1498,1,szt,2,,25000,83,,,,1,paczka
384,Taśma dwustronna samoprzylepna RIGIPS do klejenia paroizolacji do profili ULTRASTIL®,RIGIPS,1499,1,szt,0.2,,25000,50,,,,1,paczka
385,Profil Decoline 100,RIGIPS,1500,1,szt,2.2,,3000,,,,,1,paczka
386,Narożnik aluminiowy ,RIGIPS,1501,1,szt,0.1,,2500,23,23,0.35,,1,paczka
386,Narożnik aluminiowy ,RIGIPS,1502,1,szt,0.12,,3000,23,23,0.35,,1,paczka
386,Narożnik aluminiowy ,RIGIPS,1503,1,szt,0.13,,2500,30,30,0.4,,1,paczka
386,Narożnik aluminiowy ,RIGIPS,1504,1,szt,0.15,,3000,30,30,0.4,,1,paczka
387,Półnarożnik aluminiowy,RIGIPS,1505,1,szt,0.08,,2500,22,13,,,1,paczka
387,Półnarożnik aluminiowy,RIGIPS,1506,1,szt,0.1,,3000,22,13,,,1,paczka
388,Narożnik aluminiowy z siatką,RIGIPS,1507,1,szt,0.15,,2500,72,72,,,1,paczka
388,Narożnik aluminiowy z siatką,RIGIPS,1508,1,szt,0.18,,3000,72,72,,,1,paczka
389,Profil krawędziowy PCV do płyty,RIGIPS,1509,1,szt,0.2,,2500,,,,,1,paczka
389,Profil krawędziowy PCV do płyty,RIGIPS,1510,1,szt,0.24,,3000,,,,,1,paczka
390,Spray zabezpieczający C3/C5M,RIGIPS,1511,1,szt,0.5,,,,,,,,
391,Drzwiczki rewizyjn GKBI Ściana/Sufit,RIGIPS,1512,1,szt,1.2,,,200,200,,,,
391,Drzwiczki rewizyjn GKBI Ściana/Sufit,RIGIPS,1513,1,szt,1.3,,,300,300,,,,
391,Drzwiczki rewizyjn GKBI Ściana/Sufit,RIGIPS,1514,1,szt,1.4,,,400,400,,,,
391,Drzwiczki rewizyjn GKBI Ściana/Sufit,RIGIPS,1515,1,szt,1.5,,,500,500,,,,
391,Drzwiczki rewizyjn GKBI Ściana/Sufit,RIGIPS,1516,1,szt,2,,,600,600,,,,
392,Drzwiczki rewizyjne GKBI RAL 9003 Ściana/Sufit,RIGIPS,1517,1,szt,1.2,,,200,200,,,,
392,Drzwiczki rewizyjne GKBI RAL 9003 Ściana/Sufit,RIGIPS,1518,1,szt,1.3,,,300,300,,,,
392,Drzwiczki rewizyjne GKBI RAL 9003 Ściana/Sufit,RIGIPS,1519,1,szt,1.4,,,400,400,,,,
392,Drzwiczki rewizyjne GKBI RAL 9003 Ściana/Sufit,RIGIPS,1520,1,szt,1.5,,,500,500,,,,
392,Drzwiczki rewizyjne GKBI RAL 9003 Ściana/Sufit,RIGIPS,1521,1,szt,2,,,600,600,,,,
393,Drzwiczki rewizyjne GKBI Ściana/Sufit,RIGIPS,1522,1,szt,1.2,,,200,200,,,,
393,Drzwiczki rewizyjne GKBI Ściana/Sufit,RIGIPS,1523,1,szt,1.3,,,300,300,,,,
393,Drzwiczki rewizyjne GKBI Ściana/Sufit,RIGIPS,1524,1,szt,1.4,,,400,400,,,,
393,Drzwiczki rewizyjne GKBI Ściana/Sufit,RIGIPS,1525,1,szt,1.5,,,500,500,,,,
393,Drzwiczki rewizyjne GKBI Ściana/Sufit,RIGIPS,1526,1,szt,2,,,600,600,,,,
394,NO-COAT Dozownik masy Double Barrel Hopper ,RIGIPS,1527,1,szt,1,,,,,,,,
395,Rolka do narożników wewnętrznych ,RIGIPS,1528,1,szt,1,,,,,,,,
396,Rolka do narożników zewnętrznych ,RIGIPS,1529,1,szt,1,,,,,,,,
397,Rolka do narożników jednostronna ,RIGIPS,1530,1,szt,1,,,,,,,,
398,Drewniany uchwyt do rolek,RIGIPS,1531,1,szt,1,,1500,,,,,,
399,Ostrze do BLADE RUNNER 6 szt./pak ,RIGIPS,1532,1,paczka,0.15,,,,,,,,
400,RIGITONE zestaw do spoinowania Vario,RIGIPS,1533,1,szt,3,,,,,,,,
401,RIGITONE pistolet do masy gotowej RIGITONE Mix,RIGIPS,1534,1,szt,1,,,,,,,,
402,Dysza do spoinowania płyt RIGITONE masą Vario lub RIGITONE Mix,RIGIPS,1535,1,szt,0.1,,,,,,,,
403,Adapter do pistoletu do dyszy RIGITONE,RIGIPS,1536,1,szt,0.1,,,,,,,,
404,RIGITONE ustawiacze do płyt 8/18 ,RIGIPS,1537,1,KRT,0.2,,,,,,,,
405,RIGITONE ustawiacze do płyt 8-15-20 ,RIGIPS,1538,1,KRT,0.2,,,,,,,,
406,RIGITONE ustawiacze do płyt 12/25 ,RIGIPS,1539,1,KRT,0.2,,,,,,,,
407,Klapa rewizyjna p.poż EI30,RIGIPS,1540,1,szt,13,,,200,200,,,,
407,Klapa rewizyjna p.poż EI30,RIGIPS,1541,1,szt,15,,,250,250,,,,
407,Klapa rewizyjna p.poż EI30,RIGIPS,1542,1,szt,16,,,250,300,,,,
407,Klapa rewizyjna p.poż EI30,RIGIPS,1543,1,szt,18,,,300,300,,,,
407,Klapa rewizyjna p.poż EI30,RIGIPS,1544,1,szt,20,,,350,450,,,,
407,Klapa rewizyjna p.poż EI30,RIGIPS,1545,1,szt,20,,,400,400,,,,
407,Klapa rewizyjna p.poż EI30,RIGIPS,1546,1,szt,25,,,500,500,,,,
407,Klapa rewizyjna p.poż EI30,RIGIPS,1547,1,szt,30,,,600,600,,,,
407,Klapa rewizyjna p.poż EI30,RIGIPS,1548,1,szt,40,,,600,800,,,,
407,Klapa rewizyjna p.poż EI30,RIGIPS,1549,1,szt,50,,,800,800,,,,
408,Klapa rewizyjna p.poż EI60,RIGIPS,1550,1,szt,13.5,,,200,200,,,,
408,Klapa rewizyjna p.poż EI60,RIGIPS,1551,1,szt,15.5,,,250,250,,,,
408,Klapa rewizyjna p.poż EI60,RIGIPS,1552,1,szt,16.5,,,250,300,,,,
408,Klapa rewizyjna p.poż EI60,RIGIPS,1553,1,szt,18.5,,,300,300,,,,
408,Klapa rewizyjna p.poż EI60,RIGIPS,1554,1,szt,20.5,,,350,450,,,,
408,Klapa rewizyjna p.poż EI60,RIGIPS,1555,1,szt,20.5,,,400,400,,,,
408,Klapa rewizyjna p.poż EI60,RIGIPS,1556,1,szt,25.5,,,500,500,,,,
408,Klapa rewizyjna p.poż EI60,RIGIPS,1557,1,szt,30.5,,,600,600,,,,
408,Klapa rewizyjna p.poż EI60,RIGIPS,1558,1,szt,40.5,,,600,800,,,,
408,Klapa rewizyjna p.poż EI60,RIGIPS,1559,1,szt,50.5,,,800,800,,,,
409,Klapa rewizyjna p.poż EI120,RIGIPS,1560,1,szt,14,,,200,200,,,,
409,Klapa rewizyjna p.poż EI120,RIGIPS,1561,1,szt,16,,,250,250,,,,
409,Klapa rewizyjna p.poż EI120,RIGIPS,1562,1,szt,17,,,250,300,,,,
409,Klapa rewizyjna p.poż EI120,RIGIPS,1563,1,szt,19,,,300,300,,,,
409,Klapa rewizyjna p.poż EI120,RIGIPS,1564,1,szt,21,,,250,450,,,,
409,Klapa rewizyjna p.poż EI120,RIGIPS,1565,1,szt,21,,,400,400,,,,
409,Klapa rewizyjna p.poż EI120,RIGIPS,1566,1,szt,26,,,500,500,,,,
409,Klapa rewizyjna p.poż EI120,RIGIPS,1567,1,szt,31,,,600,600,,,,
409,Klapa rewizyjna p.poż EI120,RIGIPS,1568,1,szt,41,,,600,800,,,,
409,Klapa rewizyjna p.poż EI120,RIGIPS,1569,1,szt,51,,,800,800,,,,
410,Profil sufitowy CD Standard PER,BAUDISCOUNT PROFILE & TROCKENBAU ZUBEHÖR,3822,1,M,,,,,,0.5,,,
411,Profil sufitowy przyścienny UD Standard PER,BAUDISCOUNT PROFILE & TROCKENBAU ZUBEHÖR,3823,1,M,,,,,,0.5,,,
412,Profil ścienny ,BAUDISCOUNT PROFILE & TROCKENBAU ZUBEHÖR,3824,1,M,,,,,,0.5,,,
412,Profil ścienny ,BAUDISCOUNT PROFILE & TROCKENBAU ZUBEHÖR,3825,1,M,,,,,,0.5,,,
412,Profil ścienny ,BAUDISCOUNT PROFILE & TROCKENBAU ZUBEHÖR,3826,1,M,,,,,,0.5,,,
412,Profil ścienny ,BAUDISCOUNT PROFILE & TROCKENBAU ZUBEHÖR,3827,1,M,,,,,,0.5,,,
412,Profil ścienny ,BAUDISCOUNT PROFILE & TROCKENBAU ZUBEHÖR,3828,1,M,,,,,,0.5,,,
412,Profil ścienny ,BAUDISCOUNT PROFILE & TROCKENBAU ZUBEHÖR,3829,1,M,,,,,,0.5,,,
435,PVC GEWEBE-ECKSCHUTZ-SCHIENE listwa naroznikowa z siatka plastikowa,BAUDISCOUNT PROFILE & TROCKENBAU ZUBEHÖR,3830,1,szt,,,2500,20,,,,1,paczka
435,PVC GEWEBE-ECKSCHUTZ-SCHIENE listwa naroznikowa z siatka plastikowa,BAUDISCOUNT PROFILE & TROCKENBAU ZUBEHÖR,3831,1,szt,,,3000,20,,,,1,paczka
435,PVC GEWEBE-ECKSCHUTZ-SCHIENE listwa naroznikowa z siatka plastikowa,BAUDISCOUNT PROFILE & TROCKENBAU ZUBEHÖR,3832,1,szt,,,2500,25,,,,1,paczka
435,PVC GEWEBE-ECKSCHUTZ-SCHIENE listwa naroznikowa z siatka plastikowa,BAUDISCOUNT PROFILE & TROCKENBAU ZUBEHÖR,3833,1,szt,,,3000,25,,,,1,paczka
436,ALU SOCKELPROFIL / SOCKELSCHIENEN ,BAUDISCOUNT PROFILE & TROCKENBAU ZUBEHÖR,3834,1,szt,,,2500,50,,,,1,paczka
436,ALU SOCKELPROFIL / SOCKELSCHIENEN ,BAUDISCOUNT PROFILE & TROCKENBAU ZUBEHÖR,3835,1,szt,,,2500,60,,,,1,paczka
436,ALU SOCKELPROFIL / SOCKELSCHIENEN ,BAUDISCOUNT PROFILE & TROCKENBAU ZUBEHÖR,3836,1,szt,,,2500,80,,,,1,paczka
436,ALU SOCKELPROFIL / SOCKELSCHIENEN ,BAUDISCOUNT PROFILE & TROCKENBAU ZUBEHÖR,3837,1,szt,,,2500,100,,,,1,paczka
436,ALU SOCKELPROFIL / SOCKELSCHIENEN ,BAUDISCOUNT PROFILE & TROCKENBAU ZUBEHÖR,3838,1,szt,,,2500,120,,,,1,paczka
436,ALU SOCKELPROFIL / SOCKELSCHIENEN ,BAUDISCOUNT PROFILE & TROCKENBAU ZUBEHÖR,3839,1,szt,,,2500,140,,,,1,paczka
436,ALU SOCKELPROFIL / SOCKELSCHIENEN ,BAUDISCOUNT PROFILE & TROCKENBAU ZUBEHÖR,3840,1,szt,,,2500,150,,,,1,paczka
436,ALU SOCKELPROFIL / SOCKELSCHIENEN ,BAUDISCOUNT PROFILE & TROCKENBAU ZUBEHÖR,3841,1,szt,,,2500,180,,,,1,paczka
436,ALU SOCKELPROFIL / SOCKELSCHIENEN ,BAUDISCOUNT PROFILE & TROCKENBAU ZUBEHÖR,3842,1,szt,,,2500,200,,,,1,paczka
437,ANPUTZLEISTE – LEIBUNGSPROFIL / FENSTER/TÜR-ANPUTZLEISTE listwa okienna/drzwiowa z siatka,BAUDISCOUNT PROFILE & TROCKENBAU ZUBEHÖR,3843,1,szt,,,,2500,,,,,
437,ANPUTZLEISTE – LEIBUNGSPROFIL / FENSTER/TÜR-ANPUTZLEISTE listwa okienna/drzwiowa z siatka,BAUDISCOUNT PROFILE & TROCKENBAU ZUBEHÖR,3844,1,szt,,,,3000,,,,,
439,SOCKELABSCHLUSSPROFIL PVC / EINSCHUBPROFIL listwa cokolowa z siatka,BAUDISCOUNT PROFILE & TROCKENBAU ZUBEHÖR,3846,1,szt,,,,2500,,,,,
439,SOCKELABSCHLUSSPROFIL PVC / EINSCHUBPROFIL listwa cokolowa z siatka,BAUDISCOUNT PROFILE & TROCKENBAU ZUBEHÖR,3847,1,szt,,,,3000,,,,,
441,DÄMMSTOFFDÜBEL (SCHLAGDÜBEL) MIT KUNSTSTOFFDORN kolek plastikowy z ETA,Wkręt-met,3850,1,szt,,10,120,,,,,1,paczka
441,DÄMMSTOFFDÜBEL (SCHLAGDÜBEL) MIT KUNSTSTOFFDORN kolek plastikowy z ETA,Wkręt-met,3851,1,szt,,10,140,,,,,1,paczka
441,DÄMMSTOFFDÜBEL (SCHLAGDÜBEL) MIT KUNSTSTOFFDORN kolek plastikowy z ETA,Wkręt-met,3852,1,szt,,10,160,,,,,1,paczka
441,DÄMMSTOFFDÜBEL (SCHLAGDÜBEL) MIT KUNSTSTOFFDORN kolek plastikowy z ETA,Wkręt-met,3853,1,szt,,10,180,,,,,1,paczka
441,DÄMMSTOFFDÜBEL (SCHLAGDÜBEL) MIT KUNSTSTOFFDORN kolek plastikowy z ETA,Wkręt-met,3854,1,szt,,10,200,,,,,1,paczka
441,DÄMMSTOFFDÜBEL (SCHLAGDÜBEL) MIT KUNSTSTOFFDORN kolek plastikowy z ETA,Wkręt-met,3855,1,szt,,10,220,,,,,1,paczka
441,DÄMMSTOFFDÜBEL (SCHLAGDÜBEL) MIT KUNSTSTOFFDORN kolek plastikowy z ETA,Wkręt-met,3856,1,szt,,10,260,,,,,1,paczka
443,RONDELL FRÄSER FÜR EPS DÄMMPLATTEN,Wkręt-met,3858,1,szt,,66.7,,,,,,1,szt
444,RONDELLE / STOPFEN EPS STYROPOR,Wkręt-met,3859,1,szt,,,,,,,,1,paczka
444,RONDELLE / STOPFEN EPS STYROPOR,Wkręt-met,3860,1,szt,,,,,,,,1,paczka
445,RONDELLE / STOPFEN STEINWOLLE,Wkręt-met,3861,1,szt,,67,,,,17,,1,paczka
446,Soudafoam Classic Gun,Soudal,1809,1,szt,,,,,,,,1,paczka
447,DÄMMSTOFFDÜBEL (SCHRAUBDÜBEL) METALLDORN  kolki wkrecane ze stalowym trzpieniem,Wkręt-met,3862,1,szt,,8,95,,,,,1,paczka
447,DÄMMSTOFFDÜBEL (SCHRAUBDÜBEL) METALLDORN  kolki wkrecane ze stalowym trzpieniem,Wkręt-met,3863,1,szt,,8,115,,,,,1,paczka
447,DÄMMSTOFFDÜBEL (SCHRAUBDÜBEL) METALLDORN  kolki wkrecane ze stalowym trzpieniem,Wkręt-met,3864,1,szt,,8,135,,,,,1,paczka
447,DÄMMSTOFFDÜBEL (SCHRAUBDÜBEL) METALLDORN  kolki wkrecane ze stalowym trzpieniem,Wkręt-met,3865,1,szt,,8,155,,,,,1,paczka
447,DÄMMSTOFFDÜBEL (SCHRAUBDÜBEL) METALLDORN  kolki wkrecane ze stalowym trzpieniem,Wkręt-met,3866,1,szt,,8,175,,,,,1,paczka
447,DÄMMSTOFFDÜBEL (SCHRAUBDÜBEL) METALLDORN  kolki wkrecane ze stalowym trzpieniem,Wkręt-met,3867,1,szt,,8,195,,,,,1,paczka
447,DÄMMSTOFFDÜBEL (SCHRAUBDÜBEL) METALLDORN  kolki wkrecane ze stalowym trzpieniem,Wkręt-met,3868,1,szt,,8,215,,,,,1,paczka
447,DÄMMSTOFFDÜBEL (SCHRAUBDÜBEL) METALLDORN  kolki wkrecane ze stalowym trzpieniem,Wkręt-met,3869,1,szt,,8,235,,,,,1,paczka
447,DÄMMSTOFFDÜBEL (SCHRAUBDÜBEL) METALLDORN  kolki wkrecane ze stalowym trzpieniem,Wkręt-met,3870,1,szt,,8,255,,,,,1,paczka
447,DÄMMSTOFFDÜBEL (SCHRAUBDÜBEL) METALLDORN  kolki wkrecane ze stalowym trzpieniem,Wkręt-met,3871,1,szt,,8,275,,,,,1,paczka
447,DÄMMSTOFFDÜBEL (SCHRAUBDÜBEL) METALLDORN  kolki wkrecane ze stalowym trzpieniem,Wkręt-met,3872,1,szt,,8,295,,,,,1,paczka
1087,ISOLIGHT,ISOROC,4077,1,M3,,,500,1000,,50,,,
1087,ISOLIGHT,ISOROC,4078,1,M3,,,500,1000,,75,,,
1087,ISOLIGHT,ISOROC,4079,1,M3,,,500,1000,,100,,,
1087,ISOLIGHT,ISOROC,4080,1,M3,,,500,1000,,120,,,
1087,ISOLIGHT,ISOROC,4081,1,M3,,,500,1000,,140,,,
1087,ISOLIGHT,ISOROC,4082,1,M3,,,500,1000,,150,,,
1087,ISOLIGHT,ISOROC,4083,1,M3,,,500,1000,,160,,,
1087,ISOLIGHT,ISOROC,4084,1,M3,,,500,1000,,180,,,
1087,ISOLIGHT,ISOROC,4085,1,M3,,,500,1000,,200,,,
1087,ISOLIGHT,ISOROC,4086,1,M3,,,600,1000,,50,,,
1087,ISOLIGHT,ISOROC,4087,1,M3,,,600,1000,,75,,,
1087,ISOLIGHT,ISOROC,4088,1,M3,,,600,1000,,100,,,
1087,ISOLIGHT,ISOROC,4089,1,M3,,,600,1000,,120,,,
1087,ISOLIGHT,ISOROC,4090,1,M3,,,600,1000,,140,,,
1087,ISOLIGHT,ISOROC,4091,1,M3,,,600,1000,,150,,,
1087,ISOLIGHT,ISOROC,4092,1,M3,,,600,1000,,160,,,
1087,ISOLIGHT,ISOROC,4093,1,M3,,,600,1000,,180,,,
1087,ISOLIGHT,ISOROC,4094,1,M3,,,600,1000,,200,,,
1087,ISOLIGHT,ISOROC,4123,1,M3,,,500,1000,,50,,,
1087,ISOLIGHT,ISOROC,4124,1,M3,,,500,1000,,75,,,
1087,ISOLIGHT,ISOROC,4125,1,M3,,,500,1000,,100,,,
1087,ISOLIGHT,ISOROC,4126,1,M3,,,500,1000,,120,,,
1087,ISOLIGHT,ISOROC,4127,1,M3,,,500,1000,,140,,,
1087,ISOLIGHT,ISOROC,4128,1,M3,,,500,1000,,150,,,
1087,ISOLIGHT,ISOROC,4129,1,M3,,,500,1000,,160,,,
1087,ISOLIGHT,ISOROC,4130,1,M3,,,500,1000,,180,,,
1087,ISOLIGHT,ISOROC,4131,1,M3,,,500,1000,,200,,,
1087,ISOLIGHT,ISOROC,4132,1,M3,,,600,1000,,50,,,
1087,ISOLIGHT,ISOROC,4133,1,M3,,,600,1000,,75,,,
1087,ISOLIGHT,ISOROC,4134,1,M3,,,600,1000,,100,,,
1087,ISOLIGHT,ISOROC,4135,1,M3,,,600,1000,,120,,,
1087,ISOLIGHT,ISOROC,4136,1,M3,,,600,1000,,140,,,
1087,ISOLIGHT,ISOROC,4137,1,M3,,,600,1000,,150,,,
1087,ISOLIGHT,ISOROC,4138,1,M3,,,600,1000,,160,,,
1087,ISOLIGHT,ISOROC,4139,1,M3,,,600,1000,,180,,,
1087,ISOLIGHT,ISOROC,4140,1,M3,,,600,1000,,200,,,
1088,ISOFAS,ISOROC,4049,1,M3,,,600,50,,1000,,,
1088,ISOFAS,ISOROC,4050,1,M3,,,600,60,,1000,,,
1088,ISOFAS,ISOROC,4051,1,M3,,,600,70,,1000,,,
1088,ISOFAS,ISOROC,4052,1,M3,,,600,80,,1000,,,
1088,ISOFAS,ISOROC,4053,1,M3,,,600,100,,1000,,,
1088,ISOFAS,ISOROC,4054,1,M3,,,600,120,,1000,,,
1088,ISOFAS,ISOROC,4055,1,M3,,,600,130,,1000,,,
1088,ISOFAS,ISOROC,4056,1,M3,,,600,140,,1000,,,
1088,ISOFAS,ISOROC,4057,1,M3,,,600,150,,1000,,,
1088,ISOFAS,ISOROC,4058,1,M3,,,600,160,,1000,,,
1088,ISOFAS,ISOROC,4059,1,M3,,,600,170,,1000,,,
1088,ISOFAS,ISOROC,4060,1,M3,,,600,180,,1000,,,
1088,ISOFAS,ISOROC,4061,1,M3,,,600,200,,1000,,,
1088,ISOFAS,ISOROC,4095,1,M3,,,600,1000,,50,,,
1088,ISOFAS,ISOROC,4096,1,M3,,,600,1000,,60,,,
1088,ISOFAS,ISOROC,4097,1,M3,,,600,1000,,70,,,
1088,ISOFAS,ISOROC,4098,1,M3,,,600,1000,,80,,,
1088,ISOFAS,ISOROC,4099,1,M3,,,600,1000,,100,,,
1088,ISOFAS,ISOROC,4100,1,M3,,,600,1000,,120,,,
1088,ISOFAS,ISOROC,4101,1,M3,,,600,1000,,130,,,
1088,ISOFAS,ISOROC,4102,1,M3,,,600,1000,,140,,,
1088,ISOFAS,ISOROC,4103,1,M3,,,600,1000,,150,,,
1088,ISOFAS,ISOROC,4104,1,M3,,,600,1000,,160,,,
1088,ISOFAS,ISOROC,4105,1,M3,,,600,1000,,170,,,
1088,ISOFAS,ISOROC,4106,1,M3,,,600,1000,,180,,,
1088,ISOFAS,ISOROC,4107,1,M3,,,600,1000,,200,,,
1137,FRONTROCK S,ROCKWOOL,6012,1,M2,,,1000,600,,20,paczka,1,pełna paleta
1137,FRONTROCK S,ROCKWOOL,6013,1,M2,,,1000,600,,30,paczka,1,pełna paleta
1137,FRONTROCK S,ROCKWOOL,6014,1,M2,,,1000,600,,30,paczka,1,pełna paleta
1137,FRONTROCK S,ROCKWOOL,6015,1,M2,,,1000,600,,20,paczka,1,pełna paleta
1138,Thermano TOP,Balex,6016,1,M2,,,2400,1200,,140,,1,paczka
1138,Thermano TOP,Balex,6017,1,M2,,,2400,1200,,125,,1,paczka
1138,Thermano TOP,Balex,6018,1,M2,,,2400,1200,,120,,1,paczka
1138,Thermano TOP,Balex,6019,1,M2,,,2400,1200,,100,,1,paczka
1138,Thermano TOP,Balex,6020,1,M2,,,2400,1200,,80,,1,paczka
1138,Thermano TOP,Balex,6021,1,M2,,,2400,1200,,60,,1,paczka
1138,Thermano TOP,Balex,6022,1,M2,,,2400,1200,,50,,1,paczka
1138,Thermano TOP,Balex,6023,1,M2,,,2400,1200,,40,,1,paczka
1139,Thermano TOP,Balex,6024,1,M2,,,2400,1200,,140,,1,paczka
1139,Thermano TOP,Balex,6025,1,M2,,,2400,1200,,125,,1,paczka
1139,Thermano TOP,Balex,6026,1,M2,,,2400,1200,,120,,1,paczka
1139,Thermano TOP,Balex,6027,1,M2,,,2400,1200,,100,,1,paczka
1139,Thermano TOP,Balex,6028,1,M2,,,2400,1200,,80,,1,paczka
1139,Thermano TOP,Balex,6029,1,M2,,,2400,1200,,60,,1,paczka
1139,Thermano TOP,Balex,6030,1,M2,,,2400,1200,,50,,1,paczka
1139,Thermano TOP,Balex,6031,1,M2,,,2400,1200,,40,,1,paczka
